,SMB,HML,RMW,CMA,SMB5,UMD,Mkt,Mkt-RF
1963-07,-0.005337543943348664,-0.008928810283161396,0.008565798711849308,-0.013493133559692061,-0.005086836401599583,0.010119704339282734,-0.001227264930187067,-0.003927264930187067
1963-08,-0.009504509254128803,0.01386822758859603,0.002371460477617167,-0.005786909795168105,-0.00904056272017003,0.01065993862617462,0.05316882096944872,0.05066882096944872
1963-09,-0.0025479642285631647,-0.0032611333968642735,-0.011334718213636366,0.004851656489538284,-0.004805430160132324,0.0016213027193768652,-0.012813214630867879,-0.01551321463086788
1963-10,-0.005563214873190479,-0.0015492027132902216,0.031776081165242,-0.026378281195147405,-0.014177657779741969,0.031182429812232456,0.028310301758092286,0.025410301758092287
1963-11,-0.010145634328678814,0.0159390253051952,-0.002734224791903491,0.019850087111958886,-0.00827703473097833,-0.007679781513295392,-0.005823615480403577,-0.008523615480403576
1963-12,-0.020031476687645596,0.002651081358585907,0.0035143051560479407,-0.0019514690273110293,-0.01892725428015787,0.018017748589670465,0.021183249629607562,0.018283249629607562
1964-01,0.002288116098303594,0.013972763481367504,0.0001618372419440947,0.0143351688504516,0.00311248782537901,0.010024900571326,0.025347401378698484,0.022347401378698485
1964-02,-0.0014742726567097894,0.03005074801004185,0.0014019687406189654,0.008638129362377372,0.0015428147745445927,0.0024618926067452966,0.018066728632278185,0.015466728632278185
1964-03,0.008984749397399506,0.02544109916977226,-0.021286111660696334,0.02450788409819917,0.012046163079379293,0.006132836269425346,0.017202846775148245,0.014102846775148245
1964-04,-0.013307423459667272,0.0004031244210087829,-0.01581650852905308,-0.0063378132209679335,-0.012696917918432924,-0.006305000339667056,0.0039570458123428165,0.0010570458123428167
1964-05,-0.005551944401989181,0.010267159242220682,-0.0006410443381023173,0.0005083918658761767,-0.004231300096343277,0.0247236984979829,0.016731663212448053,0.014131663212448053
1964-06,-0.004739233007723873,0.006673312619939857,-0.00043587363593828796,-0.0026262523954243,-0.0013001138687920432,0.004172376684941409,0.015694495425381406,0.012694495425381407
1964-07,0.0013805921865677334,0.009327971764371449,-0.0037186504109216617,0.018843041063945146,0.003942722857466449,-0.0036529895793374206,0.0204008411882274,0.0174008411882274
1964-08,-0.0010676129689569727,0.0007478282706200878,0.00039835668400997615,0.005949660296344002,0.0015452123073969265,-0.002499070698055073,-0.011579574751939724,-0.014379574751939725
1964-09,-0.006782818360739622,0.018825238901766454,-0.006255480113635137,0.0051330729275768094,-0.003384457330258807,-0.003638995973766719,0.02971581934706985,0.02691581934706985
1964-10,0.0026120161024412916,0.01671804932686603,-0.0006994910145029787,0.008279695750961647,0.009359924304131118,0.0008979763100170172,0.008897394681000731,0.005997394681000731
1964-11,0.00378676407811228,-0.017396948565352857,0.009039243100257943,0.0016197499002569703,-0.004861219896368421,0.010218037543119726,0.002870844258139762,-2.915574186023763e-05
1964-12,-0.0022856204174659515,-0.02247277715154741,0.008646084342051125,-0.013774788627448874,-0.006061768275961728,-0.006928028737151112,0.0034379938590359165,0.0003379938590359166
1965-01,0.023975190407714606,0.0009192722423751049,0.009667773762215982,-1.3124807542494454e-05,0.02197978524578459,-0.013604325455786319,0.038241757195791766,0.03544175719579176
1965-02,0.03138924817870424,0.001561755446812623,-0.0016849374264855076,-0.006180383790613364,0.030335338901747916,0.002339514922915422,0.00743710630075178,0.00443710630075178
1965-03,0.017914532507913344,0.010885940083455,-0.0032308512805159107,0.007377398461207833,0.020544878110252088,0.001929523554422774,-0.009803856607921395,-0.013403856607921396
1965-04,0.008959516964245719,0.006484254698798091,0.0043796356557569555,-0.0234694375095337,0.007671608204431485,0.025427287140543257,0.03415597213559694,0.031055972135596945
1965-05,-0.0006745052687162382,-0.013370861986566424,-0.00654027706815037,0.009037190852187049,-0.0018402722808577871,0.005769378790717956,-0.004633767755278271,-0.007733767755278271
1965-06,-0.03963954389907563,0.0031321902498007703,0.0023331199379288264,0.0030398699886615838,-0.04194543322811734,-0.032041213053111264,-0.051502104820026276,-0.05500210482002628
1965-07,0.0061289689645267174,0.02007157252464157,-0.012216204702159686,-0.001906645873960805,0.008844031650721685,0.040680272769088324,0.017454740126340237,0.014354740126340236
1965-08,0.027440213985940206,-0.012739992206467696,0.024046307055733136,-0.009913480341847955,0.027020366208571484,0.026062249865895316,0.030583978501085574,0.027283978501085573
1965-09,0.004404742010698438,0.0029282188866753267,-0.01022187655580939,0.00926938657797731,0.007066322384860095,0.033013744937358036,0.03171452986718267,0.028614529867182673
1965-10,0.02400713451867683,0.014896973044451915,0.009333816237124606,-0.009869380329955081,0.03323350337018074,0.034644876912646075,0.029115031609276965,0.026015031609276967
1965-11,0.04656245530622238,0.004466802850845039,-0.008801773122184442,-0.006707838050747365,0.054192513398485444,0.04421317729130528,0.003316577252451581,-0.0001834227475484185
1965-12,0.021462340427360192,0.01880829970499265,-0.016058010204636555,-0.00845756685717039,0.024958779229208264,8.964200831374641e-05,0.013437357877971614,0.010137357877971615
1966-01,0.03655480269112142,0.034736841120152656,-0.023393388051944453,-0.0007244319260875098,0.046572515134641244,0.0532602474163984,0.010932728223917965,0.007132728223917965
1966-02,0.040985425870761545,0.008405397444283733,0.0011340470714159886,-0.0163482495517546,0.046869796797651936,0.04593186390909414,-0.008575923781978401,-0.012075923781978401
1966-03,0.00907528661205359,-0.02361936514989339,0.00894124300422508,-0.0001754802952405668,0.0027364350337987764,0.013765133105345145,-0.021298171746757456,-0.025098171746757457
1966-04,0.03738201323003216,-0.0027409193173856886,0.003310898135368827,-0.005907820993024046,0.03785476302706101,0.05977447679664383,0.024823830155646324,0.021423830155646324
1966-05,-0.04513893521624897,-0.02002559207186326,0.019005939160944202,-0.014480829598450845,-0.05119085890673707,-0.04668762981759972,-0.05250870741938557,-0.05660870741938557
1966-06,0.009193610966235343,0.0029104117741718502,0.0017708835923827791,0.008780573945664661,0.012146880502668891,0.03243738404987348,-0.010637243261592043,-0.014437243261592042
1966-07,-0.004009868953224215,0.011506450380041534,-0.001922651727065492,0.0196465325510332,-0.0024544240565993283,-0.012867210915091635,-0.012713282826322522,-0.01621328282632252
1966-08,-0.0320799688816326,0.002612670090594904,-0.006986597324235705,0.007281350860403921,-0.032009495380802076,-0.02196135593055676,-0.07497825636371896,-0.07907825636371896
1966-09,-0.0133162439623627,0.00812256767658222,-0.01582779992487318,0.029065618113453547,-0.013863493379829844,-0.018011102946150402,-0.006563492625554144,-0.010563492625554144
1966-10,-0.06474721971783298,0.026794451482667327,-0.0397952782545873,0.03852772968753283,-0.06211422260996179,-0.0519161536765918,0.04313377846524408,0.03863377846524407
1966-11,0.03754299875737015,-0.04250042572853294,0.045311503964050204,-0.05849918599334622,0.02976986983761416,0.05756105810266786,0.017971870628869773,0.013971870628869773
1966-12,0.02002638744240483,-0.01128439921752324,0.0022620151262453744,0.0030442523676230595,0.01958301123719489,0.010349067591251898,0.005371265566931424,0.0013712655669314237
1967-01,0.08194069783142018,0.01741413694741617,0.006003610792683661,-0.028998590606512553,0.08797497238033108,-0.0671638773418351,0.08580776800080407,0.08150776800080407
1967-02,0.033737567595357704,-0.022656962359567646,0.016234004741292715,-0.008042576513579688,0.030192841100780982,0.0348623879954148,0.011357528947583328,0.007757528947583328
1967-03,0.016562469026544506,0.004345506286295958,0.0063713806380285565,-0.01921436208208334,0.018543986029660363,0.014725724336597808,0.04386401030166221,0.03996401030166221
1967-04,0.003567629663338054,-0.024397799962340726,0.029133650419017013,-0.036822010056959883,0.0035726184416741504,0.005252932246800512,0.0421473072382573,0.038947307238257296
1967-05,0.0212425938125021,0.00724696467829708,-0.013304020654218124,0.02154178016989978,0.025412624916520882,0.006316956506464754,-0.03972705746645238,-0.04302705746645238
1967-06,0.05632737499858356,0.0121439928409501,-0.010691434243302503,-0.024454756492883686,0.06310032205615153,0.059548901219616424,0.026880833828326282,0.02418083382832628
1967-07,0.03143385936896422,0.025596650583579704,0.01153220256938045,0.023699746936962543,0.035427429787636126,-0.010737527281898696,0.04899189272520041,0.04589189272520041
1967-08,0.005121378877339057,0.013369212677676906,0.006917869082268039,0.014417498801736886,0.009565960023082076,-0.014118701837346662,-0.005799343061541422,-0.008899343061541422
1967-09,0.031806709317030196,-0.024254022122765284,0.00022446941384209051,-0.011935589699902271,0.025583176346404547,0.025016615657694925,0.03425805923127741,0.031058059231277406
1967-10,0.01698748302731677,-0.031901682801934714,0.006982377577523062,-0.02867197765633757,0.00829575430876441,0.036694055808623074,-0.026932169900832127,-0.030832169900832127
1967-11,-0.0006217596108906674,-0.015230331609747664,0.010297431793020565,-0.022538248071418514,-0.003034537304615422,0.011816163125262702,0.007171340121926546,0.0035713401219265462
1967-12,0.05464412823273349,-0.0014063639266100325,-0.01033541577382506,0.0047184852604976735,0.05483812715814022,0.03212440356834013,0.033845371809723836,0.030545371809723835
1968-01,0.03844768794480439,0.04704504473122055,-0.04804833077909022,0.06149790943551832,0.045295969181479705,-0.044856163258019485,-0.03628641907187938,-0.04028641907187938
1968-02,-0.02638014705830222,0.009605626963190422,-0.0019271623969153648,0.02404797206148747,-0.02728773185392999,-0.03438642397023115,-0.0335742524269139,-0.0374742524269139
1968-03,-0.01402516385148309,-0.001417941033372221,0.009726782461600613,-0.01487181096276203,-0.015578946277109403,0.03195567598564728,0.005942660984056447,0.0021426609840564472
1968-04,0.05452088834661349,-0.010060440754543598,0.028105500581104476,-0.03171522556609947,0.06005698085644015,0.0522087966433839,0.09480167460925559,0.0905016746092556
1968-05,0.061745705063062886,0.010496161354628844,0.005680110513927701,-0.01813006979573932,0.06904260537706397,0.03792522970494819,0.02724135458656819,0.022741354586568188
1968-06,-0.004432620842258637,0.00885642054142837,-0.017327707183648993,0.027221875966383778,-0.005910723002830025,-0.02050897589838802,0.011253335508805959,0.006953335508805959
1968-07,-0.00999768335396578,0.05570134471107335,-0.03234803863689256,0.03862880701125694,-0.012311113041226472,-0.008597440490434954,-0.022046185764194672,-0.02684618576419467
1968-08,0.024013018271818835,0.011318330530414946,-0.006470422307348542,0.002934890157690731,0.023676761839376465,0.019099682868325696,0.017745674948306884,0.013545674948306885
1968-09,0.025036981417130573,0.004633519914832365,-0.023308642659103096,0.008604421402833767,0.02632332244697509,-0.0064134400033342,0.04478582217980924,0.04048582217980924
1968-10,-0.0027592403559980536,0.027924562927812233,-0.012823538997601558,0.02782638342141995,-0.002511028497997133,-0.014662672089339027,0.008671892571503073,0.0042718925715030725
1968-11,0.022378297817088992,-0.007821567713513833,0.002567304423329808,-0.02307909889520307,0.022938949362027523,0.018431694000905857,0.0585306017484481,0.054330601748448094
1968-12,0.03226370071256642,-0.0016232952169971358,-0.018494608901916888,0.022252444178312604,0.0342458105620482,0.003309589829509168,-0.03502398117140501,-0.03932398117140501
1969-01,-0.005619516902501878,0.012135225427306818,-0.013894631986147285,0.013254941705355664,-0.002752806536833538,-0.0013612202210348985,-0.007305144954375325,-0.012605144954375324
1969-02,-0.03926319239348887,0.009513930228316245,0.016866468155837908,0.00658248597439412,-0.041466212085872534,-0.02518269218135373,-0.05382958195544731,-0.05842958195544731
1969-03,-0.002331209479560753,-0.0012041029747511672,-0.020413892593171105,0.0008461445561185194,-0.005601584075975745,0.04144955800450239,0.0313873017228742,0.026787301722874197
1969-04,-0.010376962738590336,0.002307390184242107,0.0023756105595809252,0.0012018300298576694,-0.009858650177477198,0.011325580670635185,0.019921146507820668,0.014621146507820669
1969-05,-0.0013536036127660498,0.007633111802317793,-0.0126648824492272,0.014753318700262193,0.00023244662981032212,0.017859509186686967,0.004002150692579637,-0.0007978493074203624
1969-06,-0.053776946677810925,-0.009486993462421683,0.042018079731943936,-0.01932841901682321,-0.05519195098949958,-0.022836722519488012,-0.06674708662634182,-0.07184708662634182
1969-07,-0.03310931624892924,0.0116708214491162,0.019391731335068746,0.018308607244549233,-0.03482423731536701,0.01842580349414842,-0.06481187624624704,-0.07011187624624704
1969-08,0.009668196595704927,-0.03605909859484686,0.01048252834869242,-0.039636634550630476,0.007498888435173348,0.02134567852116738,0.05192034474793607,0.04692034474793607
1969-09,0.011485484863927687,-0.03078678220657889,0.03270102426820877,-0.0010289621447179473,0.013105735750797121,0.025032800813409584,-0.02356268140883803,-0.029762681408838032
1969-10,0.0371962450226048,-0.032963909079157416,-0.00044282952645509355,-0.018873225836630925,0.038296093548438465,-0.04255230407448345,0.056542027048187525,0.05054202704818753
1969-11,-0.028096518320938936,-0.010519709613970848,0.01636425336526226,0.0028397618421864557,-0.02789865264174657,0.03658425742369024,-0.032732455869636884,-0.03793245586963688
1969-12,-0.03864374354282912,-0.030741014978589592,0.01860113298582319,-0.01673558899426851,-0.039625540956372544,0.04938727261533899,-0.019862704357132624,-0.026262704357132623
1970-01,0.028726711354684194,0.029980107100089623,-0.012995668662163583,0.037099484673765455,0.0321702621421772,0.0053179746202456635,-0.07490998525423823,-0.08090998525423823
1970-02,-0.026896741924399302,0.03572092764598097,-0.021931543635105535,0.027794801082442318,-0.025922994410955344,0.003287297711743957,0.05746346045937147,0.051263460459371475
1970-03,-0.022760113417091502,0.041389467579472566,-0.008773306396748528,0.04253730729508649,-0.022969197653182533,-0.003937420198364305,-0.004829963446992748,-0.010529963446992748
1970-04,-0.0608090658502793,0.0615721418424951,-0.005525206813730393,0.05481767581093394,-0.061981719284333436,-0.008772896682852555,-0.10497460821964276,-0.10997460821964276
1970-05,-0.043254164688715235,0.03254526732241486,-0.014434669767924083,0.03612826213318032,-0.04344006623933899,-0.025839045868127318,-0.06392892240088421,-0.06922892240088421
1970-06,-0.02153497322499693,0.0063000533432215206,5.0541944249804516e-06,0.02995628741834208,-0.021622802331224367,0.05593990273858726,-0.05206029906901289,-0.05786029906901289
1970-07,-0.005597509978535031,0.011251056825170178,-0.001784951990363784,0.016395173462595322,-0.00698372553162338,-0.03042440092697153,0.0744276043660754,0.0692276043660754
1970-08,0.01624323670782364,0.016151473447074294,0.002882840533447527,-0.001939803523385658,0.017091375449605525,-0.06627406623165999,0.0501354169189428,0.0448354169189428
1970-09,0.08790788907891722,-0.05416895029511026,0.006536430366460441,-0.06111128767906905,0.08651607392354987,-0.08700914811699495,0.04718978558906823,0.04178978558906823
1970-10,-0.040426795349501235,0.0021220229053007383,0.008545414616760283,0.019210001350992083,-0.042760843749582174,0.09444350491954212,-0.018160575958308993,-0.022760575958308993
1970-11,-0.0412205572340362,0.01976645925163696,0.014215531039934667,0.016408327270416852,-0.04067114230025748,0.026800430398729813,0.050541702218450765,0.045941702218450765
1970-12,0.026112119586763106,0.009909784074222813,0.005791295351083123,0.004150827343402871,0.027473951636052346,-0.02263925363975794,0.06152770108159718,0.057327701081597175
1971-01,0.07156759102355484,0.01718531949771611,-0.024115530784770745,0.002756087041164229,0.07226824071199994,-0.0670165764659138,0.05215788054758093,0.04835788054758093
1971-02,0.02061304159456038,-0.013555748678506632,0.00803074740669497,-0.009972966581728339,0.021259950541406936,0.009081955905822961,0.017308908257643512,0.014008908257643511
1971-03,0.02695453671891823,-0.038522359136447894,0.01725335511897614,-0.03091380319999209,0.023405667217461817,-0.013668336276652003,0.04425163084719779,0.04125163084719779
1971-04,-0.004613035356402097,0.008880684240649452,-0.014987220761168492,0.01455115362903682,-0.003719567294431144,0.013497935504766106,0.03432612109052994,0.031526121090529935
1971-05,-0.011685486343878157,-0.010068777026165251,0.012427526828154276,0.0059003507968327235,-0.013434358159850062,0.00964385888897186,-0.03692020677377157,-0.03982020677377157
1971-06,-0.01742709244238021,-0.017424823617519257,0.01399025989082258,-0.01610026260348953,-0.017260160821467845,0.027339174555055433,0.002823544548495929,-0.000876455451504071
1971-07,-0.014495555454096885,0.0020075012519076146,0.003346165037832194,0.014856490781373008,-0.013066175282204719,-0.022674706299917337,-0.040908848832384916,-0.04490884883238491
1971-08,-0.002346644227605457,0.02295848518394586,0.00015269097567086054,0.0271670286509896,-0.0023144971558636865,0.03492557610293824,0.042576970261302485,0.03787697026130249
1971-09,0.00576998515294781,-0.027799724088592388,0.022416878082744625,-0.013178637419521827,0.0023959006311777024,0.022005077055417148,-0.004833775625402138,-0.008533775625402138
1971-10,-0.0180807179197787,-0.004890163201658762,0.014853240429460388,-0.011781518258770919,-0.016951260137125505,0.005031388709581107,-0.04052789723564326,-0.044227897235643264
1971-11,-0.026242519763445007,-0.020606528445512626,0.02468285752722602,-0.004610522568056094,-0.027978623018298922,0.01524806664812322,-0.000889321434804367,-0.004589321434804367
1971-12,0.03181856894398853,-0.00021267471837559115,-0.004931146009634235,-0.021338236081384312,0.032276643750879484,-0.0063898022517424324,0.09066031112944309,0.0869603111294431
1972-01,0.06130520788156746,0.020027664144311348,-0.013164367608695035,0.0036682951133038127,0.06458728234717331,0.0028641917588402357,0.027726792589720013,0.024826792589720013
1972-02,0.012483804534246,-0.025259228045402808,0.016679001074608173,5.8527182121521915e-05,0.007636079580157593,0.02521519340387904,0.03114264472862399,0.028642644728623993
1972-03,-0.005289115100254264,-0.014544868685862907,0.015090630913037535,6.158040605746574e-05,-0.007338824761688252,0.029241432698848276,0.008988474232298649,0.006288474232298649
1972-04,0.001680806343676072,0.006000490655185681,-0.007285605878661545,-0.010866842663610883,0.004289393405318692,0.02664533722254234,0.00576288719774103,0.00286288719774103
1972-05,-0.024498354628930328,-0.027944659481971515,0.01976568824229931,-0.01667716502347171,-0.03013230179419325,0.03261898760350097,0.01556714920161717,0.01256714920161717
1972-06,0.005740362738537005,-0.02389270078789897,0.017935294116043905,-0.004121768300384472,-0.0010478949094314173,0.019131612315323693,-0.021369739001405236,-0.024269739001405236
1972-07,-0.026615113186374485,0.00518846331509417,0.015498439439157595,-0.0051331970152170454,-0.026698918138268923,0.027397831041187447,-0.0048580730118257245,-0.007958073011825724
1972-08,-0.03903384452445886,0.04386488961403537,-0.02668317340912557,0.023219522829967327,-0.03347361155024914,-0.053172599687848515,0.03547223231079945,0.03257223231079945
1972-09,-0.025822661264819403,0.003912002404091095,0.013855332945231176,-0.015825671026129466,-0.022578697070967355,0.0179150361578436,-0.007948408494838757,-0.011348408494838758
1972-10,-0.02611134592235019,0.010232213727977292,-0.0022622038444128677,-0.005764549928928981,-0.024034952960811925,0.007443732544981699,0.009156748923330198,0.005156748923330198
1972-11,-0.013469580509451011,0.04452997316077853,-0.01973766450967958,0.028431902192827825,-0.005837212460659128,-0.051041470983622626,0.049679208731289094,0.04597920873128909
1972-12,-0.018405474437202782,-0.02177047699573707,0.02069193885782305,-0.021693376199938903,-0.019360527699927323,0.04958385827080342,0.009915610160198868,0.006215610160198868
1973-01,-0.033068118611807404,0.026297153240619254,-0.0029946630029736437,0.011963114660351173,-0.02867656469713722,0.03760543325957631,-0.028466868913171822,-0.03286686891317182
1973-02,-0.03786947244745836,0.01720596424502474,-0.000277591799050618,0.002356908726301468,-0.03846056392412455,0.02238843306825046,-0.044283498095449486,-0.048383498095449486
1973-03,-0.024251720809703177,0.024199138853636358,-0.013091499765679082,0.002221001191537935,-0.02041371270522715,0.03840139820090149,-0.008679328033946321,-0.013279328033946321
1973-04,-0.03857397542330767,0.055430682342529555,-0.020955154143894518,0.023118630148577374,-0.029381703857003394,0.0631759080380172,-0.05156741401451325,-0.056767414014513254
1973-05,-0.059559641471420385,0.00031815637571025457,0.016537266379674342,-0.013754975401013114,-0.05946582967368347,0.07178678687531859,-0.024414043063554547,-0.029514043063554547
1973-06,-0.02724031233133164,0.013460315492549675,-0.004972817423829021,0.0004640070213611479,-0.02472173625232942,0.04330540798869157,-0.010484685178041122,-0.015584685178041123
1973-07,0.07937641929533662,-0.04816185946103324,-0.00034831280088790106,-0.030177943355954556,0.07356025866904148,-0.11734216874934217,0.05680274245940176,0.05040274245940176
1973-08,-0.021849068105386806,0.012514589537976906,-0.010031652953362065,0.010502740483415061,-0.01894592168391641,0.03502703421166619,-0.031201255699618978,-0.03820125569961898
1973-09,0.028938182031952447,0.01621655783950915,-0.024027033780298704,0.01340136146016603,0.03650387358164298,-0.06910606446123999,0.054291183829637886,0.047491183829637885
1973-10,-0.001829445171076549,0.018630098831021687,-0.02095834856927349,0.029048470941146813,-0.0024010458167866276,0.06851203508730222,-0.001759031422647541,-0.008259031422647542
1973-11,-0.07349989493453023,0.036365076292807136,-0.023864052682923242,0.017114768099008082,-0.06888126902492168,0.08805083333477395,-0.12192794507692217,-0.12752794507692217
1973-12,-0.05130857749201134,0.03508031369176973,-0.03262323569339086,0.020595198254623134,-0.04445594928470775,0.10241400705228956,0.013748713680260023,0.0073487136802600226
1974-01,0.0916750487587488,0.0594495231460687,-0.026235065482262634,0.04430241129453904,0.09870626677707466,-0.08770241924571226,0.004664777012113981,-0.001635222987886019
1974-02,-0.0018076136509281877,0.026210964265416886,-0.01595074902016514,0.022784162261118207,0.0005690484717756069,0.0032465675478139545,0.0011352917070729532,-0.004664708292927046
1974-03,0.02501969053988144,-0.001117465538532269,0.02982617589746416,0.005498175901366753,0.025269919459413207,-0.010578468673368133,-0.02256519150564115,-0.02816519150564115
1974-04,-0.008711561527879663,0.009812437744078736,0.030173513773032873,0.023554839472059858,-0.008235867789678615,0.020726054742131683,-0.04535862768268465,-0.05285862768268465
1974-05,-0.03020301567964264,-0.02158523155485763,0.05292581811214475,-0.00532331707972776,-0.032143223387468896,-0.002357376630120131,-0.039341051408793314,-0.04684105140879331
1974-06,-0.0014378592124470874,0.0017711365229052221,0.010045551678438173,0.028616892909596077,0.0001797844786362475,0.02320839021447152,-0.02225081846456569,-0.02825081846456569
1974-07,0.013804702372750437,0.05251054054865334,-0.039329761772935526,0.04924811834250091,0.023446025753525862,0.03157296465147923,-0.07340899750034008,-0.08040899750034008
1974-08,-0.00682660351498314,0.02131222947375537,0.0011228889757904092,0.027566426507165093,0.0017928315725917788,0.030177919131203115,-0.0874828114217067,-0.09348281142170671
1974-09,0.002517054302785718,0.056971387725163386,-0.045676040662149975,0.060049591735881994,0.015089521062272107,0.04307790719701639,-0.10959953450853036,-0.11769953450853035
1974-10,-0.031166929440420335,-0.09955177787839355,-0.002723533763043323,-0.032197571918649914,-0.0636643462618267,-0.006288978338633733,0.1660650591134591,0.1609650591134591
1974-11,-0.013480260358381325,-0.0008539806378706771,-0.03385615920828014,0.027059566430398155,-0.01491137247555809,0.02198467185738854,-0.03964908405698486,-0.045049084056984864
1974-12,-0.04766562516103642,0.003831758690987168,-0.007691473035220976,0.03302215695934558,-0.04211842664158899,0.029652017291512144,-0.027490686911209088,-0.03449068691120909
1975-01,0.11075425880292786,0.07757320860008693,-0.001306890271541239,-0.0012125533538850652,0.12669729733493648,-0.13736351808494884,0.14246558539620796,0.13666558539620796
1975-02,0.001549280644369315,-0.04795891770260456,0.011879261221828058,-0.02245524136720109,-0.008063163556483684,-0.006597075962622913,0.05990223149338482,0.05560223149338482
1975-03,0.040125222377904377,0.024044269708056468,0.014019583886756684,-0.007522569839371676,0.040621723693640276,-0.02026852742099903,0.030710388860500395,0.026610388860500395
1975-04,-0.0038434322809134114,-0.01303343126535516,0.010075536667116428,-0.006682692010077387,-0.004956384183485066,0.012563633554542361,0.0466329265074268,0.0422329265074268
1975-05,0.03695458747934436,-0.03101333805416582,-0.020375046627762385,-0.006674542244103569,0.028260576129772685,-0.003894297131913027,0.056280364666270476,0.051880364666270475
1975-06,0.008948322605749744,0.019086342334712188,-0.02957812851903191,0.011628323774773033,0.016172997970501354,-0.0006041802900842511,0.052688366120716264,0.048588366120716264
1975-07,0.026566945348225526,0.019340683021063947,0.0006888761446337058,0.015586255438890285,0.033616564014338546,0.004469761158732016,-0.06105717370269875,-0.06585717370269875
1975-08,-0.03085458526201653,-0.00598403292742717,0.007542960962815259,-0.007594956064834742,-0.026599401367965753,-0.0015724016026702273,-0.02367531707766147,-0.028475317077661468
1975-09,-0.0015138106456924968,0.003068101119460792,0.005398757596912128,0.010638597071506613,0.00020336379858926917,0.003680505675885952,-0.03732958228354022,-0.04262958228354022
1975-10,-0.04423945943874856,0.001962790698957363,-0.0026821485121331853,0.019679191609176958,-0.045792635729784946,-0.0013300083315940722,0.05860481803944693,0.05300481803944693
1975-11,-0.013434589542418211,0.018247208907241148,-0.002145536232233406,0.013662836110042507,-0.012364154743731441,-0.004197902108673698,0.0305397522114981,0.0264397522114981
1975-12,-0.009224429351495464,0.01877934205142806,-0.0020624696210592083,0.012436918638228179,-0.0010279235489804104,-0.0010755517515050536,-0.011288175740186708,-0.016088175740186707
1976-01,0.05112819012768893,0.07764973084830076,-0.00965221381431472,0.019600247977158675,0.06453600209615178,0.043830442789093926,0.1261905777242082,0.1214905777242082
1976-02,0.07003412402475016,0.0582153625440846,-0.0268693256899874,0.0374188919113618,0.07996737155883869,0.003903202382664131,0.006575580630834092,0.0031755806308340915
1976-03,-0.01645578676555804,0.002339569354882068,-0.0033368455207668894,0.013948961607213416,-0.017083131609996527,0.0015432184634059966,0.027188192565780405,0.023188192565780405
1976-04,-0.0001485870762310184,-0.001320052375729703,0.003811623288676187,-0.00957775740014297,0.0016632531515745393,0.005562620640094034,-0.010664161249061692,-0.014864161249061692
1976-05,-0.010014590938078086,-0.012147925538736282,0.020190111291651595,-0.011086693648748605,-0.008488092651552108,-0.01122275822002748,-0.00963646241337959,-0.01333646241337959
1976-06,-0.013922253570972064,0.008698820857641572,-0.0061245706457238105,0.011819645719717012,-0.011530039224483235,-0.004845271362192059,0.04484219655012613,0.040542196550126135
1976-07,0.00255602731094252,0.017700672452035573,-0.00946248200147657,0.0018608761022971378,0.005927259790437399,-0.0007789145384423015,-0.005938506225872908,-0.010638506225872906
1976-08,-0.02166321211154236,0.009593986593403808,-0.005279987940410159,-0.003829298699340032,-0.02092055675936311,-0.008367049170769036,-0.0013460637028438612,-0.005546063702843861
1976-09,0.0006187467183895075,-0.002258763122306981,0.0120533791521415,-0.013145263568435442,0.0018933165424060254,0.0019311019040318053,0.025027777983851997,0.020627777983851996
1976-10,0.0004662089507564589,-0.002312316503940842,-0.0004700095974668403,-0.0016484086614741295,-0.0010909327256275643,-0.004727484865099281,-0.020134369853775026,-0.024234369853775025
1976-11,0.020667228467559397,0.01780029372722248,-0.0125718411853129,-0.0009031268144147377,0.024941521147528626,0.02823849019812383,0.007523088973264467,0.003523088973264467
1976-12,0.031237002716078044,0.022146847073814965,-0.006012237926792882,0.024822825326747816,0.03651323889349916,0.0072288829183456554,0.06054046784945365,0.05654046784945364
1977-01,0.048774370828141275,0.044061074988319626,-0.009852504621218105,0.01726326694722861,0.06029371518252846,0.04046964784019653,-0.03671734371311314,-0.040317343713113137
1977-02,0.010303960813434487,0.003221234692061486,-0.0007308677757029772,-0.0031252295519984714,0.010070546664940255,0.0031933936153192444,-0.015882455312364034,-0.019382455312364034
1977-03,0.009890473283155407,0.011145528623110109,-0.0026496839996421515,-0.0006075053789500306,0.013411547042111031,0.006024413214237291,-0.009908724873976668,-0.013708724873976667
1977-04,-0.0011482092798204245,0.037103502054548695,-0.02172536782375241,0.012715765495223658,0.006886810725378739,0.04206876799691419,0.005252809532616482,0.001452809532616482
1977-05,0.011930064343745883,0.009225981701579056,0.0035615173867613696,0.002142106672935575,0.013626893329085588,0.020111949696892832,-0.010804608744123938,-0.014504608744123938
1977-06,0.021660069107718914,-0.008378464340752234,0.007810527373077095,-0.013854660167788468,0.02168341651762941,0.016220830811015538,0.05111030763222987,0.04711030763222987
1977-07,0.0182161717995872,-0.003697784093074948,0.008761032777854217,-0.00035913078138601236,0.016214132393098105,0.0033270787633025672,-0.012686588816329693,-0.016886588816329692
1977-08,0.014214659397553113,-0.027427890635969177,0.011225684432613976,-0.008831526246744117,0.007396447312475892,-0.017114162382614158,-0.013072437908980316,-0.017472437908980315
1977-09,0.011749499517494542,0.0026086208543897047,0.008415672497119218,-0.003922496798569758,0.01460411403321562,0.020774347569790533,0.0016319186212567643,-0.0026680813787432357
1977-10,0.013957196755902682,0.01109102615866795,0.001980335076048778,-0.0058628979929205086,0.015084213157397731,-0.0017765904711351255,-0.03891431494631228,-0.04381431494631228
1977-11,0.035604514661545274,0.004648053422186979,0.001856062131289582,0.004187410886918944,0.03551082448161861,0.020309404448024704,0.044945164202327026,0.03994516420232703
1977-12,0.014914546300303845,-0.004052013426948515,0.007532608076920818,-0.006796937796942799,0.017808623635138607,0.01629157525088327,0.007539715487165452,0.002639715487165452
1978-01,0.021863535227964217,0.034435204885787454,-0.01944428619553172,0.014331017180535088,0.02717127351096613,-0.005912399714299348,-0.055097054564709445,-0.05999705456470945
1978-02,0.035252023770848864,0.010322835000588929,0.004076952669437972,0.010496668009701024,0.037360904650134454,0.019875145253129438,-0.0091807139312346,-0.0137807139312346
1978-03,0.03390602820649237,0.014517778750269036,-0.007956894492790051,0.019433204785199325,0.03770550862120731,0.013616784139283383,0.03371901113795817,0.028419011137958174
1978-04,0.0030485308512475245,-0.035516667667701285,0.030755717494368687,-0.010303956929349267,-0.005020250072136713,0.006735556255954539,0.08407650449998016,0.07867650449998016
1978-05,0.046016140082239476,-0.005645468239789626,7.499122257085405e-05,0.0015569406366627916,0.04573836004991009,0.02737477953422248,0.022697294200875465,0.017597294200875465
1978-06,0.015844005868511306,0.00921228485107045,-0.015071476416576381,-0.0003659575221217201,0.016045462474382852,0.028070268070211568,-0.011522004981199081,-0.01692200498119908
1978-07,0.004681162323738372,-0.011908828415207698,0.015299116979113674,-0.00995960831835302,0.002699580029788711,0.040841591266123925,0.05661537604364966,0.05101537604364966
1978-08,0.04783886810857663,-0.0055954198793210785,0.013133989051696215,-0.0038795917359759693,0.04719537908208207,0.027742378054826537,0.042983311620365866,0.037383311620365865
1978-09,-0.003240461184820866,0.020288629933493917,-0.010092948634861328,0.015471558758800501,-0.0009021230100288583,-0.03126117968881951,-0.008078418718113064,-0.014278418718113063
1978-10,-0.0996206210619592,0.013476724322150746,-0.0009191678469127329,0.010147053563253738,-0.10007019285585526,-0.08404388486705125,-0.11216414311632168,-0.11896414311632168
1978-11,0.030532808338007582,-0.02190174707470984,0.007240193093478231,-0.014784636033465894,0.029323788065977654,0.05336307513321373,0.03422392331686957,0.02722392331686957
1978-12,0.01125387006054091,-0.022889970866184557,0.022109786708099537,-0.015733497136473054,0.0095930288251117,0.029582780953227188,0.016610089523989745,0.008810089523989744
1979-01,0.03618574756618719,0.02343508862537863,-0.024387452670573788,0.01755100479531091,0.03780561593593135,-0.014383744207599539,0.049976400979014256,0.04227640097901426
1979-02,0.003326635077568415,0.011063689006252611,-0.012142126141567018,0.006455841390571676,0.005121311823704513,-0.01047974851339973,-0.028109011650976665,-0.035409011650976666
1979-03,0.0322997808607891,-0.005987054782713289,0.0023937768110154356,0.0020572022030032333,0.03160535163648858,0.029195410049500548,0.06479718456698562,0.056697184566985616
1979-04,0.021161826621473413,0.012513815367015905,0.011661332994271183,-0.0010674105794457635,0.02380813249009463,0.00808585755602001,0.007367488831001344,-0.0006325111689986559
1979-05,0.00196402076103183,0.01403354941437569,-0.014480246200866272,-0.00019772275625049886,0.002078961997162622,-0.005419485364856211,-0.013908967935231756,-0.022108967935231753
1979-06,0.012277298446969308,0.013327127816243123,-0.02058616708474085,-0.008683859148030826,0.011928734998337921,0.007975439048059474,0.046515846528556844,0.03841584652855684
1979-07,0.012889394447823714,0.016570503911518503,8.975432275665218e-05,0.0022065729620629297,0.012993651969435938,-0.01068051243410097,0.015892255952244645,0.008192255952244645
1979-08,0.020656726997620993,-0.017231356410951623,0.016751635453199056,-0.0132022104791448,0.01951531849658074,-0.002538630699614769,0.06290951977394271,0.055209519773942714
1979-09,-0.0007993938654248501,-0.006733757866664349,0.006138247996135468,0.005090870922866849,-0.0005571132981279929,0.0529090083511423,0.00020120943041098934,-0.008098790569589011
1979-10,-0.03354360363382185,-0.017167875868159654,0.008765333951136947,0.0012933264979613085,-0.034860762765135056,0.02085893010096951,-0.07213988642186192,-0.08083988642186192
1979-11,0.02602514471583897,-0.02884847362476995,-0.0020732237812528947,-0.01624801272524165,0.023552405462276566,0.08024991650891743,0.061975163444121205,0.052075163444121206
1979-12,0.04050528066147453,-0.02069117291063627,-0.0031312329507939968,-0.003769529139884986,0.04167530801695096,0.04737261420568357,0.027346893304017413,0.01784689330401741
1980-01,0.01755007000964666,0.0190944618596103,-0.018729644646054727,0.013788622196286182,0.02045738419728486,0.07506321486274109,0.06295314460135501,0.05495314460135501
1980-02,-0.017228742837884004,0.006620157943789506,-0.0009013606828576302,0.024420207834547934,-0.012887121696759268,0.07880450157009074,-0.003313794421645396,-0.012213794421645396
1980-03,-0.0647222405139926,-0.011574834527238093,0.01570917553438378,-0.01249371393530424,-0.06722630092570374,-0.09574861170315914,-0.11682310179623646,-0.12892310179623645
1980-04,0.007893806566120792,0.010755582819921936,-0.025171360655997663,0.003783338362693331,0.007511315580979771,-0.004612100769490271,0.05220461851904901,0.03960461851904901
1980-05,0.023403222685698687,0.00419729040347204,0.0030675043610642883,-0.006288727109813069,0.022808963361237163,-0.011840314717663572,0.06054935489211374,0.052449354892113734
1980-06,0.015535584595860491,-0.009757035218175197,0.00137453297181208,-0.0077443566365380245,0.012880570173861091,0.0175109954043252,0.03673796451420065,0.03063796451420065
1980-07,0.041165690758329945,-0.06315220052140286,0.04475147685498205,-0.023755240771111852,0.037788065042964655,0.002387255763404844,0.0701854097374235,0.0648854097374235
1980-08,0.039066796888280395,-0.023286769631859577,0.01907358947761321,-0.004572153423404168,0.04239820543420514,0.03189251475045621,0.02445710885007468,0.01805710885007468
1980-09,0.011250710688503068,-0.044163177095323185,0.021936409980943906,-0.02824542866501244,0.008652787912836886,0.053983483957646135,0.029410263387084083,0.021910263387084083
1980-10,0.025039672693047584,-0.030668719971933524,0.017080833998123216,-0.013872190963304498,0.02257114341515144,0.07246737696143006,0.020191101252865603,0.010691101252865603
1980-11,-0.030264414957247826,-0.08009788013795427,0.03679987767571058,-0.053388482840259266,-0.029639339343923477,0.15090159223078423,0.10551523327030099,0.09591523327030099
1980-12,-0.003441649836144006,0.024620465951548723,-0.009208518252111032,0.011784408067492938,-0.003937226857498889,-0.06719628932955893,-0.031788747377244395,-0.044888747377244395
1981-01,0.028116003918524177,0.06624768830344861,-0.03467327877351498,0.044344732813338936,0.03236657919917174,-0.07927010655675218,-0.04003112706499603,-0.05043112706499603
1981-02,-0.008042564959482737,0.009203334993433284,0.005368607339816936,0.021535765002362733,-0.009771189924144734,-0.01269426760087258,0.01643349335703278,0.005733493357032778
1981-03,0.03310709655344009,0.006217184926937319,-0.020516585558821757,-0.0019564144323739874,0.029882771283082667,0.00753962088926019,0.047658078808937784,0.035558078808937785
1981-04,0.0461086337851624,0.022493989493876355,0.005986251135938169,0.018504397365914388,0.048238452228301844,-0.010558037608828777,-0.011012697072913602,-0.021812697072913605
1981-05,0.01878512027163358,-0.0010495646331082527,0.00262062470919721,-0.01593620582250655,0.023192158291484494,0.035541787376712944,0.012627660372835232,0.0011276603728352323
1981-06,-0.005423852205445743,0.05383242710250654,-0.02067209811563388,0.03217513170200917,-0.005704651830381244,-0.05665357194202206,-0.00993172004755687,-0.02343172004755687
1981-07,-0.01652312808110178,-0.00643316568078368,0.007981407325876821,-0.026771633167111397,-0.015682893205556672,-0.02493501632906117,-0.002982760284254625,-0.015382760284254626
1981-08,-0.020412011117490712,0.047723411202097596,4.686195070864596e-05,0.014212115117102922,-0.018697459781135944,-0.01033878582313888,-0.057298540460374275,-0.07009854046037428
1981-09,-0.028446491972214237,0.05017962698041723,0.0032095699186347887,0.021644847368954306,-0.026053104494742876,0.020073195594353152,-0.05899477883321569,-0.07139477883321568
1981-10,0.018828173556870546,-0.040972491612180896,0.03698159397417657,-0.03194907814675099,0.020847626117822916,0.039857872823885365,0.061281645026851246,0.049181645026851246
1981-11,-0.0067602824380124105,0.021228857576207908,-0.002862972262248978,0.01421303622373201,-0.01158965760672744,-0.00232018473606712,0.04425301549221599,0.03355301549221599
1981-12,0.012206445241852916,0.006959960015332979,0.004133665892287704,0.023430143546475143,0.01187945663030015,0.013100159145690203,-0.027567248469351813,-0.03626724846935181
1982-01,-0.011258375296519074,0.03331006542891158,-0.01811933421504005,0.020573022134843695,-0.01000557914623498,0.01721175877752966,-0.024431195921010097,-0.0324311959210101
1982-02,0.004275903564818467,0.06045697096382335,-0.03585524245164,0.04525821857034816,0.003563499598681808,0.04865542567243422,-0.049286646286502124,-0.058486646286502124
1982-03,-0.0014368034461812915,0.040337066995206665,-0.015709850889312652,0.023978726463505722,-0.00017626020704391483,0.02915607526526626,-0.008526986128722429,-0.01832698612872243
1982-04,0.015155705303641,-0.029172344938916524,0.01386005099965882,-0.0013854822675688216,0.009687362295711141,-0.005470185480932498,0.044029269118943344,0.03272926911894335
1982-05,0.00033602677509941836,0.018546513164444427,0.0076699224854233534,-0.0015714609151759526,0.0026133630532589173,0.025901570931445413,-0.028542480272176297,-0.039142480272176296
1982-06,-0.0009541649764416779,0.02039859693894618,-0.004342412648897773,0.024442632159450493,-0.002703740320417272,0.04991982505115096,-0.020999097722079994,-0.03059909772207999
1982-07,0.009062655187944352,0.004133112283469976,0.006539583126015698,0.02193939027905529,0.009076340344397107,0.04486993474494842,-0.02141754590091053,-0.03191754590091053
1982-08,-0.041620856820567,0.010758255365015776,-0.02039785677277592,-0.002162927144474275,-0.0430099263532403,-0.0357678230619656,0.11894753927875762,0.11134753927875762
1982-09,0.027809255400407885,-0.00012306590813021545,0.02205957597854997,0.0014090053566230554,0.025187340991406872,0.042147451308064805,0.01804911269560834,0.01294911269560834
1982-10,0.02475557689403081,-0.03358467169154372,0.0023162104627375835,-0.007926202639544883,0.02270484089579665,0.000573405497575119,0.11882936451217865,0.11292936451217865
1982-11,0.04632240566242614,-0.0161633674490001,-0.009404171304090589,0.004693010094820899,0.0440059927449363,0.05940056709013467,0.05301969552468483,0.04671969552468483
1982-12,-0.003121962436376167,-0.001221699303110238,-0.00128077782892045,0.011619045110900016,-0.0024166461958647872,-0.00038896614084342994,0.012342240204749444,0.005642240204749444
1983-01,0.028762764866155095,-0.005806313361722368,-0.01877427894097583,-0.009058872243888946,0.034751663171950165,-0.01669305573402527,0.04279025107561927,0.03589025107561927
1983-02,0.032300170557652184,0.007484719281879076,-0.002643094899463627,0.006904041130575807,0.02962063026496999,0.037533340129703587,0.03204086445049061,0.02584086445049061
1983-03,0.017378047704372138,0.019451625221045387,3.201547476184424e-05,0.02658371757931105,0.014706185979979627,0.008979543706755307,0.03450022652947157,0.028200226529471573
1983-04,0.005384207978180219,0.004419612644896237,-0.0009239632214354809,0.01511364657762615,0.004931136558121714,0.016886979119451112,0.07369592421478752,0.06659592421478752
1983-05,0.06306477806728178,-0.016490431202313173,-0.019938323153484667,-0.0153725463817471,0.06406065389285608,-0.015225619301300536,0.012063584506172195,0.005163584506172195
1983-06,0.007344707284354747,-0.043464841224431436,0.02915018415730282,-0.010193025005767006,0.010183322718190745,0.01742186497575321,0.03740110413951086,0.030701104139510858
1983-07,0.017107810431626333,0.0509842078658287,-0.0019106684249119502,0.020216317317829517,0.013450777138088716,-0.031203258558863585,-0.033232771731511256,-0.04063277173151125
1983-08,-0.042809814392335444,0.05407451509017685,0.008845365334485487,0.012684671685216867,-0.04191974180621,-0.05386259716983023,0.002547308711791645,-0.0050526912882083545
1983-09,0.0021677080581684605,0.00913397566526804,0.012202913922437168,0.006919887294991428,-0.0013393685957289608,-0.005857576075484193,0.01704693514652579,0.009446935146525792
1983-10,-0.034995360564370255,0.046958523365329824,-0.0034363225445242854,0.022214649838908508,-0.03695155358188919,-0.04482664598967679,-0.02672276089415906,-0.03432276089415906
1983-11,0.018229903303412467,-0.005210203030815673,-0.008406812719310874,0.008515955766611953,0.016353009540127666,-0.0011610795431515816,0.028610019476635603,0.021610019476635604
1983-12,-0.0019110800581847425,0.01808387798568281,0.019087307356225224,0.013103958284124795,-0.0035332141765768315,0.008359604467232253,-0.010440259577180784,-0.017740259577180784
1984-01,-0.004160245841345849,0.07490005771478679,-0.006886826995637051,0.028710678193477855,6.99207698602617e-05,-0.02546550502850294,-0.011569783952438755,-0.019169783952438756
1984-02,-0.018483658728868597,0.032644282371701465,0.01155745139450029,0.014262147390996585,-0.017389811434249322,0.004289786559366959,-0.040530339233524317,-0.04763033923352432
1984-03,0.0033839878098642535,0.004314147934972817,-0.006916743611697253,0.01226960282054894,0.00014387178139137606,0.008412907169649299,0.013666214605198955,0.006366214605198955
1984-04,-0.00799574750662609,0.010051085390011896,0.03363158721553127,-0.0011290777129253846,-0.005298514485736113,0.021074291595726623,0.003028943104225214,-0.005071056895774787
1984-05,-0.001859681200599539,0.0028210505879436645,0.021802537533757757,-0.007214368611169218,-0.0006318564778815122,0.015348100212269004,-0.05183759414043522,-0.05963759414043522
1984-06,-0.0028229916287201735,-0.0254791425690039,0.029514839375632075,-0.018935840732359842,0.001064030481208015,-0.00538750830845108,0.025566996913897827,0.018066996913897827
1984-07,-0.024948437154765565,0.00880193677799226,0.03866684413204695,-0.02079090954263752,-0.024368033957650942,0.02802161074697113,-0.019141136242323976,-0.027341136242323975
1984-08,-0.0012185859056132176,-0.01992920809471152,-0.009754336907321692,-0.01068584932967609,-0.002371071916901099,-0.05640039365021393,0.1108915560360117,0.1025915560360117
1984-09,-4.4360342220076295e-06,0.05228702682916317,0.013349907628212029,0.02109218588228168,-0.0010694368496076646,0.03644010416862496,0.0005804952367183161,-0.008019504763281685
1984-10,-0.011905398325375877,0.006686068966377476,0.01163319725456748,-0.011680414335128817,-0.015005794411165792,0.03341115906631152,0.0014650137673833483,-0.008534986232616651
1984-11,-0.006825804416663096,0.03929830926944454,0.008782450426663497,0.02022587232200492,-0.009461294722972644,0.01583570499499824,-0.010305232596306908,-0.01760523259630691
1984-12,-0.005096396056449272,-0.004222614831581466,0.012856710041871345,-0.014849461422257957,-0.005895483962694771,0.014945032502000013,0.024722395075988786,0.018322395075988786
1985-01,0.03479182301545668,-0.0506127475270335,-0.012664309675812446,-0.0346672447693383,0.03532130750403698,-0.06884911642270897,0.08613614362475226,0.07963614362475226
1985-02,0.006730377484393306,-0.0005267680030532525,0.01368215310240014,0.013031812022526942,0.008857894393484165,0.017864427864530172,0.01802513486344272,0.012225134863442719
1985-03,-0.007646671027562335,0.039106245846838444,0.01183805388000022,0.02661494117413308,-0.010653391699425701,0.015880485431507434,-0.0022239395594158677,-0.008423939559415868
1985-04,0.0006340005808130457,0.03590587187535334,0.017373128256244888,0.00385561550494269,-0.001092946546867294,0.029178689545385578,-0.0023886802477949684,-0.009588680247794967
1985-05,-0.02071523474171791,-0.008917877488961029,0.012563477019903825,-0.015510310373837662,-0.021265582396450367,0.04107270133330054,0.05731726218294667,0.05071726218294667
1985-06,0.005612448818108337,0.004581863420458833,0.019718017123088974,-0.007931350368349256,0.003500564346194703,0.0333321548703934,0.01819999395543743,0.01269999395543743
1985-07,0.029133885978100342,-0.017438516141739312,-0.004255869022271661,0.00615108937545219,0.03059413307320213,-0.03677354258143806,-0.0008110694468134819,-0.007011069446813482
1985-08,-0.003368808567757694,0.02213057552893071,-0.0016330766403573234,0.016667860143551545,-0.0033885476482629594,0.018189142462734346,-0.004608614749198542,-0.010108614749198542
1985-09,-0.01764062570742079,0.011403259873263502,0.011793407410710936,0.01643589116871557,-0.01953555401087424,0.01598343662343691,-0.0391362165350601,-0.0451362165350601
1985-10,-0.014412456004524822,0.00791404587836285,0.009332265858806116,-0.011912534998786778,-0.01369522400847255,0.047517831249854946,0.046604358394665264,0.040104358394665265
1985-11,-0.00019154591413592104,-0.02963867131633654,0.008753438482806006,-0.019233981699064255,-0.0027038572036615083,-0.005512264884107249,0.07054377661410499,0.064443776614105
1985-12,-0.006126935610571996,-0.01627512905448373,0.009698027783834606,-0.012624230943235157,-0.004608995896140766,-0.002356150526377797,0.04523313501274575,0.03873313501274575
1986-01,0.009828596318692187,0.004066155432027218,-0.01592639854544138,-0.02059909579691707,0.00769462703456632,0.029019499233784662,0.01208126149122211,0.0064812614912221084
1986-02,-0.008881729431316765,-0.006632569768150562,0.012609996562656572,-0.017323636166100415,-0.010704446438374654,0.026331921875915848,0.07655233572252618,0.07125233572252618
1986-03,-0.0033563165797582672,-0.0031478663830571824,0.011779645988678512,0.003987172539033204,-0.004556054770860222,0.022442792110715017,0.054755720307104884,0.048755720307104886
1986-04,0.028238436434115118,-0.030979258013173694,0.027595715222177374,-0.0002345889275014697,0.028534294296184325,-0.0040057765630980655,-0.007623997808084155,-0.012823997808084155
1986-05,-0.01353490472279023,-0.0012469459808169964,0.01981398537525403,0.0062458602804368185,-0.013755346441634982,0.022031598272162382,0.05109143709331447,0.04619143709331447
1986-06,-0.010165832966800561,0.012592903986033167,0.0183827636239875,0.004076972017966833,-0.010015005297548105,0.04984263222363024,0.01559485572007037,0.010394855720070371
1986-07,-0.033521282265522215,0.04615584488978185,-0.005230603381508908,0.009270306359236716,-0.03418508594303487,0.018219219629256586,-0.05914936589203866,-0.06434936589203866
1986-08,-0.04034624931484133,0.03626687669040639,-0.021026789009451846,0.03376607853961075,-0.042459820042369645,-0.05283709588670438,0.0651366426197184,0.060536642619718396
1986-09,0.026354976244432185,0.03287616964294526,-0.002527096792497005,0.035379856912861,0.023961397836970193,-0.056822330884426335,-0.08128460754718635,-0.08578460754718635
1986-10,-0.027713138664528295,-0.01583683016750872,-0.0020748274531563124,0.00790038191735691,-0.025935362997515542,0.04460608612087956,0.051055348866417175,0.046455348866417175
1986-11,-0.019566503723471018,-0.0021408229447908433,0.010390676631279204,0.00917242179637052,-0.018535000649451374,-0.0029059865861117374,0.015571373412230726,0.011671373412230726
1986-12,0.0008436028120089381,0.0015686402469642577,0.007188334975278592,-0.0008396099528187179,0.0011052735787707515,0.004408708682436591,-0.027537027513135123,-0.032437027513135125
1987-01,-0.01719784378761431,-0.029677983022445592,-0.0035490862526378203,-0.012475572464155815,-0.015669443202142027,0.021223232503598297,0.12859202614224544,0.12439202614224544
1987-02,0.03601589297431143,-0.05873114612032873,-0.003937694900599781,-0.026294843241968763,0.03494703737675958,-0.02003692904001146,0.04809028702279246,0.04379028702279246
1987-03,0.0073583588252552415,0.015136261988762924,0.010048327333355192,0.0373760407052519,0.005069600941568647,0.01580865467876876,0.0210234559789161,0.0163234559789161
1987-04,-0.01756061123072295,-0.005570888436097505,-0.0055670833280990605,0.009548930573661298,-0.015785987607697283,0.0014707040891903111,-0.016483032129023564,-0.020883032129023565
1987-05,-0.0014161255267952704,0.00085018814766192,0.005179835933971739,0.012564274468724271,-0.0023600893511491828,-0.008263819737703782,0.004867941463067856,0.0010679414630678564
1987-06,-0.020806122164357718,0.0113166616567499,0.01648862972502354,0.008698532350672875,-0.02204261096115213,-0.0020671292344165426,0.04390935361478564,0.03910935361478564
1987-07,-0.007469497696654705,0.006989684879590723,-0.0036133373998687365,0.021543357139561667,-0.011345559608630587,0.026177366350699616,0.0428836830561463,0.0382836830561463
1987-08,-0.007981617515681987,-0.009065750186985307,0.018249149120650177,-0.018169373180755743,-0.009994354316714213,-0.00952638323824248,0.039898995872809255,0.03519899587280925
1987-09,0.004706002102622016,0.00022183356364717174,-0.010325438482093488,0.019103452955556963,0.003593492704442248,0.007759137348325453,-0.021312451417236644,-0.025812451417236645
1987-10,-0.08246473551108777,0.04293488945573462,0.019878330053142823,0.020303647422854232,-0.07920265479291742,-0.07731606215658354,-0.22577515618131502,-0.23177515618131503
1987-11,0.02612355960741608,0.031639919886487525,-0.020182001512067768,0.012638476260151368,0.027255838055715093,-0.011584967588798303,-0.07393604047643138,-0.07743604047643138
1987-12,0.0003075670197163899,-0.04205358892763893,0.02619539182263908,-0.021827045306339263,6.909910900642728e-05,0.05893131113419546,0.07210480226191124,0.06820480226191124
1988-01,-0.007077885135050366,0.051867058364150814,-0.008107567665082645,0.016036827618276676,-0.0056141167474305365,-0.0727312313985435,0.045005115774610756,0.042105115774610756
1988-02,0.03336209142894294,-0.019474002745321822,0.018642936962642978,0.0007497984762325494,0.033969201967136216,-0.014530009858636034,0.05209850133297259,0.04749850133297259
1988-03,0.06073692817954733,0.01144235916330216,-0.004104112195804243,0.018904724091454942,0.061043602674724216,0.006193087120700191,-0.01826157607271865,-0.02266157607271865
1988-04,0.01050758350488626,0.015534577508722955,-0.0014901235575099647,0.015356491775722689,0.012359460959417978,0.02196810660469398,0.010296198886093368,0.005696198886093368
1988-05,-0.025737627325925168,0.024404306229098397,-0.011130429376053866,0.003382710480674786,-0.025925998049051765,0.005098946555975093,0.002228293097699127,-0.0028717069023008733
1988-06,0.018506106547657067,-0.013011172116191017,0.013550658594321557,-0.03428244866287193,0.019494375560024774,-0.030388053969231124,0.05267261202677627,0.04777261202677627
1988-07,-0.002022931082725889,0.02188570309705113,-0.0037615438236257345,0.015704763270562017,-0.0017777494901679665,0.006055218868259922,-0.0073722851176789405,-0.01247228511767894
1988-08,0.0008277412254409193,0.020804474425616205,-0.006034148971357636,0.017482142101514976,0.00020793023651721523,0.0031184358494946406,-0.02714216406459857,-0.03304216406459857
1988-09,-0.013519719478613138,-0.01048625744564893,0.01818954786108412,-0.008683298493428571,-0.013865045644220192,0.002253987154323924,0.03913295430135207,0.032932954301352076
1988-10,-0.03180280984052691,0.02154050771742158,0.015783610240181732,0.008871513561481813,-0.03128540398169743,0.012908492909064873,0.017672953377955724,0.011572953377955724
1988-11,-0.017627092498945385,0.013288178215759215,-0.0016454134474757631,0.01777829839844952,-0.016750732307166488,0.002046795796569696,-0.017112413841022002,-0.022812413841022002
1988-12,0.018521055313001595,-0.017044517211729247,0.003930829741682483,-0.0014848561985688763,0.019281545915701543,0.004145952860543013,0.021095769248257325,0.014795769248257325
1989-01,-0.02188613100484258,0.004683659567663527,-0.006878010644579741,0.0011094228879798274,-0.022964394016064846,-0.0024040450812122943,0.06628402288909889,0.06078402288909889
1989-02,0.027700190985598238,0.008517543962773117,-0.006983722865860697,0.01794164357494233,0.02696305288128582,0.009164114694550378,-0.016386256442584776,-0.022486256442584777
1989-03,0.0074229220518453876,0.002045133082434633,0.00163026242371438,0.008433001053406323,0.0067603560345490836,0.03488061025736189,0.02237335314517184,0.015673353145171837
1989-04,-0.007283648239903039,-0.016671977494615256,0.009304596307910556,-0.003968778798209123,-0.008428404011170308,0.015884466124218254,0.0500782137307481,0.0433782137307481
1989-05,-0.0006709188865700322,-0.009219544145814475,0.007380509324641953,-0.001212868265892543,-0.001138464257777599,0.014498573211694635,0.04102534586325592,0.033125345863255926
1989-06,-0.009644313569396157,0.021043620475507622,0.0030288715641407678,0.013187538784423409,-0.009652173463471332,0.006888369524655541,-0.006244430480410995,-0.013344430480410995
1989-07,-0.04066565802943642,-0.02801256338790082,0.020940738258986027,-0.005074580445161597,-0.04163468811209647,0.05304019045456687,0.07873746042924105,0.07173746042924106
1989-08,0.0047724715578595645,0.01072959830525809,0.0024539091898875057,-0.003316831771651787,0.00446278053863704,-0.0026122158416637224,0.02179472153400339,0.01439472153400339
1989-09,0.0035308818174110967,-0.015748649294946203,0.014326897868299566,0.004707718209485784,0.005058922384382782,0.035127871438992694,-0.0011574656335871685,-0.007657465633587169
1989-10,-0.03096254940027139,-0.013509074904303638,0.0003927624007729405,-0.0017285550052830445,-0.03129978693509485,0.013743602776506013,-0.029776535765348413,-0.03657653576534842
1989-11,-0.013027353690698795,-0.011069212174732074,-0.010167202159773178,0.012535815173905715,-0.014304908547749011,0.026370424448408362,0.01716162681728442,0.01026162681728442
1989-12,-0.02057536691556238,0.0018470840961235576,-0.0022780718581703364,0.013242386107233935,-0.019773817574058657,0.02772782970975124,0.01771109568533639,0.011611095685336392
1990-01,-0.012588594597948907,0.010631494118970283,-0.011687640960812318,0.011310373165383608,-0.012780184956326204,-0.031239018542833286,-0.07226315291788049,-0.07796315291788049
1990-02,0.00789076430024592,0.007507485957631697,-8.812722908221535e-05,-0.008113641811898779,0.010180748028810064,-0.005108884695131582,0.01683329248514411,0.011133292485144108
1990-03,0.01562329243000143,-0.02698600664407058,0.021995442989149076,-0.00600000821764117,0.01604959825962816,0.018243367394162623,0.024722117460243363,0.018322117460243363
1990-04,-0.004550003743467198,-0.024423721768146844,0.015391628888130518,-0.0077625199958174795,-0.003842488738080257,0.022503083327283666,-0.02664384108568996,-0.03354384108568996
1990-05,-0.026377628470616102,-0.03734914147621515,0.014610141361342838,-0.014793063840991591,-0.024877678233829807,0.03069176957128343,0.09097781646834179,0.08417781646834178
1990-06,0.012465444601656222,-0.01937287075822158,-0.008200368040761019,-0.004509300511975459,0.011566622124557753,0.02466806939107616,-0.00463545832161018,-0.01093545832161018
1990-07,-0.029377163120220054,-0.0004917380628385835,-0.0005577376498634469,0.03333472600010073,-0.030428959069393396,0.05992515483265357,-0.012211052877416105,-0.019011052877416106
1990-08,-0.0327459771368189,0.01643777947025582,-0.005838886745317795,0.03264144638514857,-0.036228312960858274,0.018854639094101344,-0.0946314082879315,-0.10123140828793149
1990-09,-0.03650690797101747,0.005845050661704598,-0.0014824409816807937,0.0394050937001374,-0.03717989303641725,0.056250813862917845,-0.055166121426022785,-0.06116612142602278
1990-10,-0.056861424314555584,0.004019699690671612,0.03154452658934994,0.0015181638751650822,-0.05230377980174596,0.06733497130909981,-0.012405677674566191,-0.019205677674566192
1990-11,0.005302698510084317,-0.03273566981610028,0.004474272102056129,-0.04965128085701511,0.0013737472427108322,-0.056021066991170834,0.06905878000291621,0.06335878000291621
1990-12,0.010502654445476524,-0.015907929937321687,0.022260800049703044,-0.0238567493200906,0.008878147990164576,0.0022190498065411887,0.03060728384881834,0.024607283848818343
1991-01,0.035986238534929084,-0.015416733145853366,0.013868731939996395,-0.042240538325677576,0.03640782571510389,-0.06440457221874216,0.05200078341258198,0.04680078341258198
1991-02,0.03909279611837829,-0.00711752935387272,-0.002569314588523261,-0.007186848077914781,0.03927295701716676,-0.04625535951071487,0.07662284499680197,0.07182284499680197
1991-03,0.039286059603988274,-0.01356383338205363,-0.0013329630406653803,-0.013662962697304798,0.03732563870128202,0.02742967062335927,0.03098006960459712,0.02658006960459712
1991-04,0.005663584207944846,0.015181079037144708,0.004192000197944639,0.009544205629285658,0.0037761632912867954,-0.023383393108868014,0.0025508256118384636,-0.0027491743881615364
1991-05,-0.005817454265173362,-0.0036933657120371347,0.019550375842361235,-0.0249534425244722,3.2650144251948157e-06,-0.0027404722420644803,0.04120324155163112,0.03650324155163112
1991-06,0.0024431004850448274,0.012394037171705334,0.01926227162254049,0.007928169365036805,0.004001747254631265,0.004448257620897539,-0.04522299325535803,-0.04942299325535803
1991-07,-0.01198073332013927,-0.007457381599512994,0.009999295809713676,-0.009683658955361857,-0.011568571085851105,0.04275635634136585,0.047243020054856866,0.042343020054856864
1991-08,0.01099029636258227,-0.0021962732276238975,0.010732101185980683,-0.0007756019251874274,0.011661876629441419,0.015727751447884263,0.027777933059084926,0.023177933059084926
1991-09,0.016070159877322857,-0.010164176806625801,-0.022066426448143567,0.0009532929954331887,0.014733298799420412,0.01838414617455134,-0.011348000047630506,-0.015948000047630508
1991-10,0.005261778246038268,-0.000495483663337723,-0.020451829698977617,0.0020802173630308576,0.0055561928526262905,0.032136015839539546,0.017109888796106885,0.012909888796106887
1991-11,-0.004084970766988515,-0.01801004189602072,0.00821452535123237,-0.0024496416985373207,-0.0068146744026574835,0.01215200471406943,-0.03792870526963647,-0.041828705269636474
1991-12,-0.027424030723746037,-0.03242522379736107,0.03464422312160843,-0.029389239738646183,-0.027585805516397572,0.08291017973989673,0.1121670185952271,0.1083670185952271
1992-01,0.08467626363636219,0.041514723405583716,-0.011378126740479909,0.028774681781487763,0.09068290708712325,-0.024938241260135025,-0.0025167825258082537,-0.0059167825258082535
1992-02,0.009715156900096163,0.05971401414818715,0.0038516735525959515,0.021552819792231972,0.013043902403924645,-0.007402403863401262,0.013656600285232318,0.010856600285232318
1992-03,-0.01058458525306424,0.036695981029001346,0.0008409577005047998,0.019086851826889954,-0.009159679863078864,-0.0021461096338287466,-0.023162121725527642,-0.026562121725527642
1992-04,-0.057606594827789306,0.039358245779509006,0.019779630455915798,0.0245062531415527,-0.05453026405659359,-0.025394419263923208,0.014056943644960797,0.010856943644960797
1992-05,0.004685424377451366,0.010591748797999736,-0.008214678332625675,0.0009057724125146526,0.003202271444221099,0.000675061000548819,0.005761712807462758,0.0029617128074627573
1992-06,-0.026744388737574266,0.026448562759051976,-0.0044432626869822245,0.007920272687036753,-0.02589433730435292,-0.006123929502975252,-0.02008722258297563,-0.023287222582975633
1992-07,-0.00304978210045128,-0.004063922577727815,0.014686499433827244,-0.009224166987864345,-0.004653699632818695,0.01484832060229821,0.04080426337383935,0.03770426337383935
1992-08,0.0003957798244184456,-0.010941752774301771,0.03856531265027781,-0.017474367324793967,-0.002310253584978625,-0.005011661276562614,-0.02117071014695562,-0.02377071014695562
1992-09,0.005886210472056095,-0.0020757152698712335,0.013847323683673926,-0.00582997510555301,0.00474177340580683,0.013985651207674867,0.014499802521012777,0.011899802521012777
1992-10,0.020741982378896556,-0.019006986500220917,0.012534842224833188,-0.007449423418397553,0.019881991027774906,0.02559971444438469,0.012433702445785112,0.010133702445785112
1992-11,0.03479384418820759,-0.017209918647780167,-0.00813746682243291,-0.017307049153897615,0.03641727109885357,-0.002357452752790215,0.043636467182430534,0.04133646718243053
1992-12,0.01741203312435321,0.022608108041170947,-0.00022243774932366456,0.007733472852961904,0.018359578394506238,0.044572200589038,0.018151447988948344,0.015351447988948344
1993-01,0.018257645029347933,0.058731229768187766,-0.01951277763404736,0.0319246231082195,0.018482128032689907,0.04813952196800847,0.011621754233106232,0.009321754233106232
1993-02,-0.031593207937250525,0.06302107236929733,-0.0037274205495131836,0.039967533288524884,-0.03113752349604505,0.03185878779399981,0.00341499656332937,0.00121499656332937
1993-03,0.004132286420804515,0.012083548034045703,-0.006562112594099074,0.009034036593008318,0.0020559438007839216,0.037446099179767225,0.025675001944868076,0.023175001944868077
1993-04,-0.005800731664588422,0.027453411430946654,-0.03810570696051374,0.013595290161856559,-0.007830643358729064,0.003880696582007584,-0.02810136709382805,-0.03050136709382805
1993-05,0.019487902664977706,-0.03383309014632342,-0.0009976855126713063,-0.009142255217833503,0.01800289111924594,0.0027277179943035676,0.031007660724879677,0.028807660724879676
1993-06,-0.0018580499887840309,0.024404875362853178,-0.011752552526479498,0.00968173936563782,0.002593021501916738,0.0454392127022638,0.005558912452526713,0.003058912452526713
1993-07,0.011378085417218693,0.026988489454989474,-0.020383823461977292,0.022826471623522436,0.010691318423549978,0.03118914452820626,-0.0010235662641509139,-0.0034235662641509137
1993-08,-0.0007227436610091481,0.0027286016010273084,-0.017291174345072588,0.0013644264537430936,-0.0021498990577556074,0.02545098310362088,0.039646416809482894,0.03714641680948289
1993-09,0.0322157203275925,-0.00584561512360804,0.0023374614909075046,-0.0019934936340233224,0.03150628125404555,0.033087352973770315,0.001355117595021613,-0.0012448824049783869
1993-10,0.01931153916763259,-0.027396694415765786,0.00615732918844546,0.006834948553615883,0.016857976054641288,-0.02644661852241382,0.016365619726303855,0.014165619726303855
1993-11,-0.013222499598046663,-0.007634337194864053,0.020895921072500497,-0.010018398464062194,-0.014010908829490035,-0.04653060701042558,-0.016154455945895776,-0.018654455945895775
1993-12,0.011768661487483248,0.0008669223812721033,0.012722408279823906,-0.0037067005023711727,0.013522323075331312,0.02380863307185846,0.018749296422890346,0.016449296422890346
1994-01,0.005111229557459112,0.005967683215630515,-0.01826667172815421,0.010158023911524067,0.0004155109245222374,0.0010914529844339646,0.0312033559649809,0.0287033559649809
1994-02,0.03004594698674354,-0.016139613757859172,0.021127258096657185,-0.009720530781100824,0.028673343639333725,-0.0025697050856764887,-0.02331975505057043,-0.025419755050570432
1994-03,-0.01002036564819539,0.017404261839359565,0.0029644847204211913,0.010876368532859393,-0.008482897953005308,-0.012745755480760443,-0.04507144636862449,-0.047771446368624494
1994-04,-0.009594356867100848,0.01558924789303914,0.010505495385248436,0.014703735950200672,-0.009745919801137858,0.004089682078431229,0.009509916891156591,0.006809916891156591
1994-05,-0.02056007351923656,0.00311343618359497,0.0066825884985286365,0.009528544462675703,-0.02493872579336486,-0.021047533999227576,0.008947260577178555,0.005847260577178555
1994-06,-0.0047437434035424025,0.018043361014564246,0.01260500601646889,0.018853160534365233,-0.005565483359346205,-0.009302454692155508,-0.027257598247558502,-0.0303575982475585
1994-07,-0.01863532899665427,0.006653062863315906,-0.007057480341187205,-0.0014578530730310346,-0.01880800607702642,0.0007880706718963668,0.030896441376112697,0.028096441376112696
1994-08,0.01504055925939917,-0.02776929099779321,0.006099217076042614,-0.014419063780388992,0.014064908858819293,0.01558019640513162,0.043826128466617424,0.04012612846661742
1994-09,0.030949396470487528,-0.019154346408441346,0.003088245921143526,0.007573088454876243,0.02686240015471111,0.012716126409311211,-0.019165645720968016,-0.02286564572096802
1994-10,-0.018927919273424222,-0.019854403998394568,-0.000373492358892156,-0.011559083629874262,-0.02065180380594293,0.013604279133865832,0.01731556613154359,0.01351556613154359
1994-11,0.00179034311497369,-0.0075216196756852025,0.005157168335836772,-0.003281646337201294,0.0004126775578691978,-0.0015555523424644058,-0.03659089356231365,-0.040290893562313655
1994-12,0.0038008514859193907,-0.003815742605293458,0.006849292739790909,0.0035278771263776727,0.0017005435777584326,0.03390329316447327,0.013037949320643382,0.008637949320643382
1995-01,-0.03607986703051746,0.029593988449964397,0.00040799188953236955,-0.006088195745158443,-0.031042927073314113,-0.016573929405165704,0.022163159216397447,0.017963159216397448
1995-02,-0.005325667894513511,0.00808105767128417,0.007460490822575355,-0.002869727925625863,-0.00422765864325098,-0.0046313408567643655,0.04030800957368878,0.03630800957368878
1995-03,-0.0006737661302830336,-0.02194739742424485,-0.0034535019853447688,0.00024862059913374063,-0.00429995492521933,0.004395422422779027,0.026525672329149597,0.021925672329149597
1995-04,-0.0031917547781160453,0.015920336853651077,0.001997800286093813,0.010291417097626147,-0.0009647508416242198,0.017306859674996584,0.025545688491224235,0.021145688491224234
1995-05,-0.024130920192927525,0.02036874741809013,0.004990462325457322,0.0006349923671222467,-0.0209394559993154,-0.005868518192062716,0.03430359559501819,0.028903595595018185
1995-06,0.031061475097889445,-0.02598853369074077,-0.0015567896464313766,-0.024917942522296302,0.0291754620701451,0.030369098210057455,0.031905741767115046,0.027205741767115047
1995-07,0.0213813974379417,-0.01715915390451237,-0.0007071593360245473,-0.017704951436408718,0.020769423607502203,0.025632362250645746,0.041645251367705464,0.03714525136770547
1995-08,0.01322027160055102,0.02836143935575374,-0.011028491693966518,0.013775702222315592,0.017654727016609962,-0.00019408569141906445,0.010183668950669654,0.005483668950669655
1995-09,-0.02057912847225699,-0.0012133512192456647,0.008978822910737021,0.004964608330106382,-0.018298114394254755,0.02817606751053138,0.037833980255050206,0.03353398025505021
1995-10,-0.037624430452665926,-0.0031505966355519673,0.019486619597715298,0.0011928377031050312,-0.03991657455715999,0.041064212866335374,-0.010407714489934506,-0.015107714489934506
1995-11,-0.010005292918766145,0.004588797930624083,-0.007113325067906122,0.010483962674039463,-0.009756265966412873,-0.007262029769581131,0.04375592253409871,0.03955592253409871
1995-12,0.005069456666266577,0.004209756539596033,-0.013480861598981956,0.029265439534349284,0.00664941264964086,0.024802522717579108,0.015265353614744504,0.010365353614744504
1996-01,-0.02740499173753546,0.00325446611775157,0.0016319072408048849,0.02359450510269551,-0.02638492909987337,0.006022649553114892,0.026863793606886628,0.02256379360688663
1996-02,0.01871752458954072,-0.012163111949426594,-0.0002472599237729016,-0.02099384421336705,0.017776843031799074,0.005566256168174792,0.017202773016074212,0.013302773016074212
1996-03,0.014928171313868312,0.004436325503946459,0.013217054140183466,-0.009309115527276327,0.015951689930611895,-0.018511318741398552,0.011334722574688996,0.0074347225746889956
1996-04,0.053029381788375914,-0.042435904584438744,-0.004842774096795496,-0.023487199881014928,0.046649059295854146,-0.009015158669131794,0.025226214763548294,0.020626214763548294
1996-05,0.03154955107445605,-0.010871896793446717,0.0019349485175232314,-0.0036283829055490657,0.03108288410660547,0.015526817711623404,0.027802210728311433,0.023602210728311434
1996-06,-0.04037868714966676,0.024931674836433174,0.03537320388993212,0.013582531153093765,-0.03645485379659876,0.010295620476366299,-0.007325848321128118,-0.011325848321128118
1996-07,-0.04462785286077484,0.05381648664564742,0.027018873994503007,0.027061353063809232,-0.03869569057664294,-0.0007067536594116408,-0.05507277354048512,-0.059572773540485124
1996-08,0.024667668071315218,-0.009282310245772654,-0.005542781251713022,-0.028291795275219217,0.025381666661635716,-0.00014922229806024062,0.03182062539465327,0.027720625394653267
1996-09,-0.01033614415540278,-0.02754005883306075,0.013567169816808992,-0.023042857945926157,-0.014033558654404858,0.027311162866492447,0.05446852415218586,0.05006852415218586
1996-10,-0.04415953726193374,0.048099218090327495,0.01567734129367343,0.03263891486167566,-0.03728256535773137,0.03815235799686991,0.012925792119683041,0.00872579211968304
1996-11,-0.039510923116862266,0.01482481126306956,0.024976720853199914,-0.008735723159375819,-0.03566298989654291,-0.02359446387496765,0.06654639765656029,0.062446397656560286
1996-12,0.03339401857806425,0.011228714124372862,0.0036450666202827798,0.013538775644209945,0.034299298312266864,0.005542430517536882,-0.012354582939519979,-0.01695458293951998
1997-01,-0.018281113543159158,-0.016042653763122153,0.009356643780121951,0.003744626404579822,-0.018078821662781505,0.01881221534326688,0.054302736123525416,0.04980273612352541
1997-02,-0.031823274160491064,0.057253131019430054,0.011093285139557438,0.033587953656008425,-0.024198840064027328,-0.022001146452647755,-0.0009466713520562462,-0.0048466713520562464
1997-03,-0.00012181719257992746,0.03337240266404023,0.004755672685487974,0.01421172954579765,-0.00030862621719910527,0.008974006580603489,-0.04586369937072377,-0.05016369937072377
1997-04,-0.056795015433210916,-0.0011054363605678512,0.037115682335006284,-0.009577448786209766,-0.05617975925999769,0.04744428114867563,0.044719365686974204,0.040419365686974205
1997-05,0.050841905409159144,-0.04171825649449658,-0.011347543148442552,-0.028123604958923062,0.046608576108380255,-0.051592986226928345,0.07222861749167768,0.06732861749167768
1997-06,0.012108703317368123,0.013787822175136959,0.002077293509316583,0.006318609348353363,0.011408399447421691,0.026152487575669826,0.04471029910176997,0.04101029910176997
1997-07,-0.025839548201360196,-0.001440457585762528,0.0033244935412425347,-0.024770028837251754,-0.026366079505685425,0.036575676994726525,0.07741806524122144,0.07311806524122144
1997-08,0.07028549449151993,0.012528447373649186,-0.010391447206291203,-0.001707062979020936,0.07497712617888554,-0.025514017961768446,-0.036912298981896616,-0.041012298981896615
1997-09,0.025026821172731924,0.002628262345211685,-0.017342081727035927,-0.008558927935733734,0.024705717394403498,0.014614014961404645,0.05786780641978934,0.05346780641978934
1997-10,-0.006689534895258406,0.021377027325691137,0.008174982609927377,0.02130043347753669,-0.005645585587995876,-0.0054096550632127954,-0.03375395924431524,-0.037953959244315244
1997-11,-0.05051837290038194,0.01151444743509044,0.031016686281803915,0.015996082650723387,-0.0496236777878043,0.004109001717970318,0.03376415929065404,0.029864159290654037
1997-12,-0.02472952187553946,0.03868217580273819,0.008560048483264755,0.019680594021662716,-0.020124668324578026,0.0392786311191306,0.018096430305911272,0.013296430305911273
1998-01,-0.010305521030826662,-0.01670672146420787,0.008377879496182676,-0.007488698520620395,-0.013529063506335893,0.001563024561736162,0.0057277250003520365,0.0014277250003520365
1998-02,0.002286921503492134,-0.009568654399867482,-0.0012810843331892696,-0.022820743263446942,0.0018273390941267776,-0.011973468162414333,0.07418819661388559,0.07028819661388559
1998-03,-0.01241179241424803,0.014251629922736354,-0.0069146859263632884,-0.0032504245199504317,-0.007707172334646062,0.021085941428794525,0.05148146078755574,0.04758146078755574
1998-04,0.0027315869810800586,0.008706434210463219,-0.01761261159771999,-0.0015851364860966846,0.001954860960585693,0.007356965036375843,0.011707202406086348,0.0074072024060863485
1998-05,-0.03370324916658468,0.03403022037840108,0.009254084342653034,0.02718856567556651,-0.029403346307166987,0.019991574981742755,-0.026597441930450594,-0.030597441930450595
1998-06,-0.03251819172345146,-0.019747804928551944,-0.0024358718511043494,-0.026808562320111744,-0.03744188686366884,0.07276525807192394,0.035931843025865454,0.031831843025865454
1998-07,-0.04832493115990376,-0.01397504526592426,0.01633345142457434,0.00665017289385432,-0.051998576055025815,0.03801114270649654,-0.02024388744779917,-0.02424388744779917
1998-08,-0.05328944920870329,0.035739744407035035,0.03624248035671501,0.05259826443390986,-0.04743459231854474,0.018889927136991003,-0.15628824327826585,-0.16058824327826585
1998-09,-0.0004899705654548003,-0.03370999363891106,-0.013065073022434696,-0.025359503641501704,-0.007198586517925275,-0.006520893078089646,0.06652399383223748,0.06192399383223748
1998-10,-0.03284599245106793,-0.02367448524526189,0.006492436338608923,0.00540371105234333,-0.0366636029145866,-0.05281884523268548,0.0733328798682888,0.07013287986828881
1998-11,0.012725228752310393,-0.03266088600082752,-0.00991339788365439,-0.009298350494278865,0.006027220032082006,0.011087368043465967,0.06374853302934355,0.06064853302934355
1998-12,-0.007627522778474671,-0.04152750158822606,-0.007918721893519262,-0.028652187707878793,-0.01846975529102483,0.08949936352660579,0.06525049061823923,0.061450490618239234
1999-01,0.005005475377423477,-0.04705776115493819,-0.02078654566735886,-0.06149933004470448,-0.009511233613598569,0.029883976243643005,0.03857053676975858,0.035070536769758576
1999-02,-0.060104915993640706,0.01850693348286117,-0.012428909400517267,0.039853814521869785,-0.05141150880474877,-0.001452930561872172,-0.037217335471735204,-0.0407173354717352
1999-03,-0.03926539676110645,-0.024469858066473435,-0.037148723074364225,-0.00804584750247083,-0.04739405705836014,-0.011701382770840839,0.03900836763871971,0.03470836763871971
1999-04,0.04233504149271563,0.026823880595639324,-0.01559692713972699,0.01048995201742739,0.051859991390611954,-0.09031674156334397,0.04704606161301554,0.04334606161301554
1999-05,0.03448055680511463,0.024580913728713738,0.005439231363812463,0.029896438861571915,0.04008154516728376,-0.05192456913902249,-0.021151946231931996,-0.024551946231931996
1999-06,0.03374168911519991,-0.041152163489174165,0.00684172681630793,-0.030147245754196944,0.02072900815267387,0.04640584338458028,0.05166838435348897,0.04766838435348897
1999-07,0.025619470909894096,-0.003161713522933998,0.002412988575345592,0.027461480507861243,0.025753795672654584,0.01638716055953017,-0.03107218716374365,-0.03487218716374365
1999-08,-0.010216678567726692,-0.01739825989467239,0.0008254313185311994,0.002615169995350535,-0.01565061643834314,0.03035696732184073,-0.009810148235678781,-0.013710148235678782
1999-09,0.030960985781412508,-0.028461075489260485,-0.005309318140110611,-0.006333076118738394,0.024938638782034072,0.06405105441880346,-0.023828138206903125,-0.027728138206903126
1999-10,-0.06803550468573696,-0.03591206412272175,-0.025515498467116073,-0.005855232756541925,-0.07521578105382046,0.05485373292943249,0.06482534455504806,0.060925344555048055
1999-11,0.06944889773418136,-0.061662664482082595,-0.032718717042759055,-0.01930941639794618,0.0587586259727542,0.05461266318165316,0.03772063223753371,0.03412063223753371
1999-12,0.06675685074028118,-0.07866795707551466,-0.057574718273112724,-0.04498262332116991,0.052867376657932307,0.1312785562678245,0.08150822542682708,0.07710822542682708
2000-01,0.05489692684169349,-0.017987226169366148,-0.06633639874752222,0.0406637663714815,0.04288734585800478,0.018364963918347927,-0.04330549455073147,-0.04740549455073147
2000-02,0.209059381088552,-0.10052240930118242,-0.1874031522729645,-0.009936221974521348,0.18629574580084526,0.18040469291217,0.02888489919878048,0.02458489919878048
2000-03,-0.16952574758183372,0.07916788584450582,0.11884004973476876,-0.011606665325663637,-0.15583828879143374,-0.06777924480760374,0.05676825922521494,0.052068259225214936
2000-04,-0.06370850188345886,0.07495347939316784,0.07175351254274676,0.049798596875509846,-0.0464671275091599,-0.08584832371923376,-0.059450011990647054,-0.06405001199064705
2000-05,-0.058418160612316826,0.04626006441572658,0.03813119058408338,0.009603306061182044,-0.03595673401793736,-0.09063670171314825,-0.03890433980563695,-0.04390433980563695
2000-06,0.1264901236926827,-0.08566796691774883,-0.07696192267894833,-0.030072211725234443,0.09962115007865818,0.16422611461958342,0.050823216012251045,0.04682321601225105
2000-07,-0.033838216992985136,0.08711572087296554,0.0604547005030877,0.03284115040444536,-0.008522763528076994,-0.0009771965799204203,-0.020114836854494673,-0.024914836854494672
2000-08,-0.007108379346018753,-0.013979444008843184,-0.033202947322694104,0.004773116437493813,-0.010093009685880653,0.05828412227291389,0.07532080743453404,0.07032080743453403
2000-09,-0.020430171872314086,0.07289799806840128,0.02512817390129289,0.0585625516547399,0.0044063427543188085,0.019939606805602014,-0.04931578340675802,-0.05441578340675802
2000-10,-0.04240574272337407,0.057652240349371095,0.09076954388817511,0.035351003510581486,-0.024829912230934576,-0.0411996606336055,-0.022255549475531936,-0.027855549475531937
2000-11,-0.03339325831063199,0.12406634822503246,0.12943155443372756,0.07754054660080373,-0.0007075382382011145,-0.020285851852019324,-0.10196073120375548,-0.10706073120375548
2000-12,0.005814724295839929,0.07506016614134069,0.024323320782408196,0.045240359913479626,0.03478276452788617,0.06738815518307664,0.01681958461625077,0.01181958461625077
2001-01,0.06985083073779962,-0.05552582474039824,-0.056173859426516044,-0.05220608207894241,0.0518412132115206,-0.2528839726810564,0.037890910938994105,0.0324909109389941
2001-02,-0.008065046146470849,0.12283083018549594,0.087879690550409,0.08893587378124565,0.03017534282397197,0.12427174508646249,-0.09659227076654567,-0.10039227076654567
2001-03,0.0025125477108894,0.06527230683164345,0.033433522656317965,0.03699945755945418,0.02645300019696614,0.08618299619391885,-0.06841825645468264,-0.07261825645468263
2001-04,0.006761421688452611,-0.049183884718513954,-0.0365842510430573,-0.02970796308359505,-0.009308186151987365,-0.0794184833570271,0.083258582194822,0.079358582194822
2001-05,0.023441239337572195,0.033607206235511555,0.005869375780916883,0.020943196298972563,0.035553253729078076,0.022386337285936267,0.010009058271479465,0.006809058271479465
2001-06,0.06683472930955055,-0.01588228537816659,0.01377684094139846,-0.01845012552628194,0.06889174473319701,0.004333372934676076,-0.016570688492189213,-0.019370688492189213
2001-07,-0.0502188310781117,0.06555865779724619,0.06834773016787338,0.02821913117276137,-0.03275533381298378,0.054657130183622935,-0.018334501941483616,-0.021334501941483616
2001-08,0.02083351751503458,0.030962395587865926,0.03525776299620258,0.06609661225128652,0.024919710423285446,0.0546493236996666,-0.06090639426125242,-0.06400639426125242
2001-09,-0.060929039282179215,0.017369742123229767,0.04818804740941898,0.026856635493073044,-0.055427550341136465,0.11348534699795704,-0.089727326515536,-0.092527326515536
2001-10,0.08048610782697511,-0.08322229264654943,-0.027131745838734206,-0.04148462336310896,0.05623723005248215,-0.08287796680989992,0.027088645070573,0.024888645070573
2001-11,-0.007484273016252707,0.017022635843761763,-0.03063376362384057,-0.015067861429910373,-0.005812679094706323,-0.08579941438029479,0.07700991671142132,0.07530991671142132
2001-12,0.0428877554796422,0.016481302271706993,0.002478530552110128,-0.00311272116871511,0.05006502661375339,0.0002094187241439907,0.017571696096150054,0.016071696096150053
2002-01,0.0035515357747310525,0.046982062364019556,0.04295094669841835,0.034256343379987286,0.008399906941161325,0.03812434313829381,-0.012958368675229174,-0.014358368675229174
2002-02,-0.01283671769042245,0.03108283468666031,0.07563375827720661,0.05513304427173915,-0.0048197613189145646,0.06730312487414526,-0.021646307726432047,-0.022946307726432046
2002-03,0.04305885494357251,0.007808252056756143,-0.018247941335967202,0.00798199046430191,0.0424517750068126,-0.0168988579586401,0.043724036096596926,0.04242403609659692
2002-04,0.056259356084708646,0.04482001241348782,0.042308106097781864,0.05867659481714685,0.06480636464717647,0.07724989245228428,-0.050519043303379634,-0.052019043303379635
2002-05,-0.02946312257516867,0.014842017285028476,0.02169773160165636,0.02434446607815359,-0.029137376198103058,0.03125838688071393,-0.01214185971298778,-0.01354185971298778
2002-06,0.03923562247911181,0.013354761715588123,0.0350891349690495,0.026832319605769962,0.03786406949022341,0.06277820595201554,-0.07081119822855689,-0.07211119822855688
2002-07,-0.05608007078895383,-0.029969497368385986,0.037848716794901496,-0.006421051539155773,-0.06638539934545977,0.03635560617732683,-0.08040917553316744,-0.08190917553316744
2002-08,-0.029370366762983716,0.029801779306640113,0.014119610369218357,-0.012692058426227152,-0.014406062647965437,0.0188584331654297,0.0063465502462155205,0.00494655024621552
2002-09,0.023365359989045292,0.015207308788733914,0.032448878489949956,-0.026053000356942024,0.030373989020779934,0.09094208229026275,-0.10200920920833778,-0.10340920920833778
2002-10,-0.033442138892110694,-0.04145283107950964,-0.0287755900286401,0.010641159553596277,-0.0426029089405759,-0.05530885566132697,0.07967210602906646,0.07827210602906647
2002-11,0.038113871682178314,-0.01830705086406681,-0.09114172118517322,0.05520360787361152,0.03178794635340095,-0.16355346896882722,0.06070991579033465,0.05950991579033465
2002-12,-0.0005437016534095909,0.02570623393115832,0.062144932114159335,-0.023380650603224536,0.007101013279302171,0.09648530392472131,-0.05644321184810045,-0.05754321184810045
2003-01,0.015518391977737602,-0.010003057884377324,-0.00866183733623329,0.007451714013363531,0.008041647257822198,0.01498260133262293,-0.024704245075952275,-0.025704245075952276
2003-02,-0.004178549278350468,-0.01239716407205746,0.00790891596535765,-0.009003641258456228,-0.007613187724295117,0.012387607380672398,-0.017956928245017226,-0.018856928245017227
2003-03,0.012493925651320436,-0.021390508537547814,0.018024430102511778,-0.011263013094909072,0.008614247112664295,0.01565722231468304,0.01193006107246431,0.01093006107246431
2003-04,0.0066124532203472725,0.010806340275719875,-0.046472161915633914,0.01727256650703353,0.00905676583268733,-0.09418361984313298,0.08274963888532864,0.08174963888532864
2003-05,0.046498109386207714,0.005116426570091301,-0.07076525891506004,0.034013702978578725,0.04762428524155104,-0.10573235189409039,0.06138056306105248,0.060480563061052484
2003-06,0.016483743848105435,0.0014148304741043415,0.003460110649227653,-0.002175854896735961,0.015440181288451373,-0.011138372269477913,0.015206995152301563,0.014206995152301564
2003-07,0.05051443784577658,-0.011949402551688804,-0.04146647863518674,0.019054968549907403,0.044829655535084556,0.0002518819039000267,0.024006714133982306,0.023306714133982307
2003-08,0.026642171646737423,0.013228344327609692,-0.02103827450576741,0.01941140159724715,0.02541947550207851,-0.006278083476055345,0.023972326100794996,0.023272326100794997
2003-09,0.005740706907438964,0.003987719224832702,0.009237802732912498,0.0057784107225760835,0.003661242307975449,-0.00173170803384054,-0.011525290432882534,-0.012325290432882535
2003-10,0.025213186911475116,0.019341105922074428,-0.0137616297922626,0.01666443902188547,0.025152729299251646,0.03825838076403967,0.06151277303146446,0.060812773031464464
2003-11,0.02137836491315816,0.016794021365111367,0.0022455923990548528,0.01786618757354514,0.023780196503560867,0.013807902696237783,0.014184334743139959,0.01348433474313996
2003-12,-0.025259694481817835,0.015976578997676582,0.0072503679316348185,0.008567640473861458,-0.02321041734296968,-0.05477952689307272,0.04367222844754818,0.04287222844754818
2004-01,0.023718986726585085,0.02543320284218114,-0.036562859806187314,0.03441618703433078,0.02294137235368704,0.026042779203424387,0.02221754453891425,0.02151754453891425
2004-02,-0.01527245663219167,0.00987670760195807,0.0215799470788386,-0.012382906713989401,-0.00882392195855081,-0.011419940837416476,0.014616611957481662,0.014016611957481662
2004-03,0.017230276533378847,0.0004071976903513301,0.015738567805399475,-0.010448584727468999,0.020796696459304636,0.0018090394102347187,-0.012295938764780339,-0.013195938764780339
2004-04,-0.016045337840785236,-0.02929825748514379,0.03770975733027259,-0.028051593542918654,-0.01876732693284049,-0.05375789157460023,-0.01738790781047365,-0.01818790781047365
2004-05,-0.0005848419144946163,-0.0010176903951270456,-0.010167903494277573,0.0014414701279334054,-0.0020829351715837435,0.015050206205765878,0.012348182104474257,0.011748182104474257
2004-06,0.022651713672732266,0.01528284658715234,0.013782457408195017,-0.0014768103316861528,0.026396692580119965,0.020863630685624496,0.019377744947446547,0.01857774494744655
2004-07,-0.03642075497219825,0.03385778966635355,0.047662842400316,-0.015947581465727022,-0.028429734336075606,-0.02236764972870052,-0.03963180891682859,-0.04063180891682859
2004-08,-0.013453380655255512,0.009724148967024485,0.011221620124855862,-0.01427517600825059,-0.011062255165547078,-0.015922534573554116,0.0018613424842835557,0.0007613424842835557
2004-09,0.030135220383161805,0.0023943847904519533,-0.012518987278474988,-0.01490981497594512,0.03354472495822941,0.05465007713453991,0.017173357712556608,0.016073357712556607
2004-10,0.0017280298106551045,-0.0025384056598017,-0.003648086900822408,0.003632089470831712,0.002486102017291546,-0.014147847072772482,0.015377164737580124,0.014277164737580124
2004-11,0.03940745750680865,0.013017377836981356,-0.007064716074520361,-0.0032354919071159727,0.04235620240912306,0.031659678140957194,0.046972948562508145,0.04547294856250814
2004-12,-0.0007814565587591291,-0.0039050369642274485,-0.011563906063293938,0.0017606711867008545,-0.0017712649581093226,-0.028592918712038368,0.035834933719809836,0.03423493371980984
2005-01,-0.016027389741252524,0.023396380715411842,0.027214056971460218,-0.013726187066067944,-0.010627256481977926,0.03154372146562805,-0.02588211380767672,-0.02748211380767672
2005-02,-0.0024597065296340648,0.021266348138524828,0.003570448094170434,0.0062210270510808345,0.0008900717250139838,0.033876681317332964,0.020460819987309007,0.018860819987309006
2005-03,-0.014609151902033083,0.018153833880616824,0.006085437993802161,0.011727955066534287,-0.014325223614914348,0.0037105837179138776,-0.017224623179247424,-0.019324623179247425
2005-04,-0.039911678678353185,0.00023599012575874212,0.011120054950353675,-0.009648022877464767,-0.040533449040687224,-0.006865330763819608,-0.024017193421226383,-0.026117193421226384
2005-05,0.02857172138251802,-0.0074560612478201185,-0.007472379685559673,0.0004774377038878688,0.02758888154440908,0.003979091923208042,0.03890896562822224,0.03650896562822224
2005-06,0.024695625125521474,0.028910652632020625,0.007453683445336253,-0.0038850767441243293,0.031113525483773583,0.02046402119256068,0.007972875539031142,0.005672875539031142
2005-07,0.028430467641429133,-0.009048145878075717,-0.013143759154272974,-0.008451415201120291,0.027148132558896695,0.0003272619914085756,0.041530523389497746,0.03913052338949775
2005-08,-0.009817409042555824,0.014403610798112055,-0.021717443584574232,0.004569187081385203,-0.008803220299822334,0.02089251580651994,-0.008968163063061549,-0.01196816306306155
2005-09,-0.004537861026308473,0.01174541220163782,0.00011117296555938905,-0.004609762430517484,-0.0014375772546812188,0.03469719484591591,0.00768318300188579,0.00478318300188579
2005-10,-0.01398691835242993,0.000603319488015619,-0.0035773612127644946,-0.013229011037840521,-0.016177796718979023,-0.012898214412255877,-0.01776582835503439,-0.020465828355034393
2005-11,0.011256748155437112,-0.01097810736117489,-0.010073391338594244,-0.010081023327815367,0.009492791790119826,0.003250713403487329,0.03922980822688177,0.03612980822688177
2005-12,-0.005042535604643418,-3.324962921150013e-06,0.004059559764810096,0.002455590814216203,-0.0032981560499726463,0.007938684755635887,0.0007823699579257888,-0.0024176300420742113
2006-01,0.05627636482521306,0.011458592066753898,-0.014436327536615098,-0.0035647195377339833,0.058918903007407354,0.02523532151540167,0.03387323619828907,0.030373236198289067
2006-02,-0.004811842132783832,-0.005290179670053663,-0.003961281810514961,0.019336938251292943,-0.005427714236454083,-0.018312459702742923,0.00038113024166937205,-0.0030188697583306283
2006-03,0.034104705284890555,0.004797195067082899,0.002442603372907713,-0.00492751955374629,0.034386802375821444,0.012793604670428213,0.018346844486879153,0.014646844486879152
2006-04,-0.012929165171746825,0.02351955000815205,0.016224171102186713,0.00016983271147809342,-0.007464935554168498,0.0059842104882319785,0.010865856134955765,0.0072658561349557655
2006-05,-0.029552375239382495,0.02374479954199698,0.011476483556563784,0.015040975590039467,-0.028999913417352124,-0.03595935596905415,-0.031256152732037884,-0.03555615273203788
2006-06,-0.002914278092658556,0.008576483470149214,0.015179074665664635,-0.00258352515588479,-0.0014810339563978787,0.015164620653642673,0.0004936308430676478,-0.003506369156932352
2006-07,-0.0378244019446964,0.02860682321074886,0.013261597339812057,0.008630019508698818,-0.0346053040421995,-0.021475730752592664,-0.003786375901292709,-0.007786375901292709
2006-08,0.009962828287513527,-0.020316952122354397,-0.019112692170879755,0.022667196410064337,0.005183762340882111,-0.034074254781805986,0.024484449501652714,0.020284449501652715
2006-09,-0.014050352537625422,0.0005588643497808597,0.007071866072608384,0.0028269531097029274,-0.014835650319308802,-0.00957664491172117,0.022506623504090748,0.01840662350409075
2006-10,0.018478166827218277,-0.002063021939091955,-0.0009784188742023511,0.004220488314767228,0.020865535911171657,-0.0024414984714780513,0.03633684703101991,0.03223684703101991
2006-11,0.007233678751788573,0.001811688593531001,-0.00026667966831100953,-0.008201692232935914,0.007458698652782778,-0.01060075993181801,0.021288035851498625,0.017088035851498626
2006-12,-0.010689736076016806,0.025661848723243338,-0.006297124223173948,0.019055122682479633,-0.007527260110930733,0.008024316995816986,0.012579232101244548,0.008579232101244548
2007-01,-0.0012292412913304067,-0.006826884006628849,0.0027720926667364025,0.0030556985139328675,-0.0018199406725518976,0.0021605194506227887,0.018440750406381597,0.014040750406381596
2007-02,0.01290212616087974,-0.0004303839731191923,-0.00396702818020526,-0.007112496174327452,0.013836891826397144,-0.01356959092653117,-0.01572397038988767,-0.019523970389887672
2007-03,0.001969631207762222,-0.006515089223840979,0.0011116932063603199,-0.006102881985912759,0.0020518580916252713,0.02503465012786658,0.011154705638427116,0.006854705638427116
2007-04,-0.022791496591872552,-0.01454224073752312,0.009928304721314458,0.010742283793851441,-0.02231116395734378,-0.0016824015805919357,0.03920130163831331,0.03480130163831331
2007-05,0.001999454683614038,-0.004579659001999352,0.010008746713560883,-0.012254810566580936,0.0028761261839694366,-0.0033766571337900467,0.036453674717972034,0.032353674717972035
2007-06,0.008471099450932797,-0.009448963259123712,0.0030692030766361865,0.0009243682245338967,0.007647761851436593,0.00482784374290841,-0.015572705403622723,-0.01957270540362272
2007-07,-0.025603539815913297,-0.0353775937686585,-0.001912755585944871,-0.012805453550273287,-0.029112484641194664,0.029804701011172795,-0.033194064220720125,-0.03719406422072012
2007-08,-0.0020034541476805293,-0.01950977957542453,-0.012583772061555084,-0.007233843529764101,-0.003612121649899233,-4.6096842503444424e-05,0.013382554559749963,0.009182554559749964
2007-09,-0.02132548865943737,-0.021920519272303485,-0.0071475946234375864,-0.028899585496237817,-0.023692485711363398,0.0453323949282608,0.035386166935267124,0.03218616693526712
2007-10,0.001902128253137788,-0.030099642629877868,-0.003134017962041536,8.947768159143707e-05,7.716862223667205e-05,0.04922084911002647,0.021231436258661838,0.018031436258661836
2007-11,-0.027048560682878066,-0.010847196064155955,0.015618733023713055,-0.002691991186113102,-0.02786150105384164,0.010342393685285008,-0.04462543392873097,-0.04802543392873097
2007-12,0.0019788539487788797,-0.0005277844116589421,0.007191278222341249,-0.010319366113169713,0.003563574017565871,0.06488153753349835,-0.005880750416900857,-0.008580750416900857
2008-01,-0.009951962016353288,0.04195941236857254,0.0198015411634493,0.019498565140243986,-0.006080826333315806,-0.07770361843940439,-0.06129045376694356,-0.06339045376694356
2008-02,-0.0028014312436347305,-0.0037663006716496736,0.007361866659242107,-0.011185265776374263,-0.004415565075992396,0.061518871401446615,-0.029516869479615664,-0.030816869479615663
2008-03,0.007268204818189411,0.0014680004800426763,0.007732278386786822,0.004504719698003553,0.006368896357946213,0.04235592182279741,-0.007663729709400974,-0.009363729709400973
2008-04,-0.0175005936580653,-0.0052112684438384155,0.011966943369259457,-0.02474351284032631,-0.012067218146633562,-0.004818215564200999,0.04778413540942761,0.045984135409427605
2008-05,0.027325762965442372,-0.016332654091881733,0.010372822110828551,0.002826546234585843,0.02817782755994923,0.0333286506269823,0.020366297159200842,0.018566297159200842
2008-06,0.012333831994742209,-0.0215356787599901,0.04214714855748355,-0.005951487948478162,0.012362919259259364,0.12725870443542928,-0.08253216358892038,-0.08423216358892038
2008-07,0.021705824630289916,0.049165339201540495,-0.012944683870673086,0.009404456139346356,0.03337641867533511,-0.04949646334471302,-0.006148950194212322,-0.007648950194212321
2008-08,0.034006840887356476,0.014360418910109134,0.01842431612890247,0.008399837194178122,0.03290306371837753,-0.044854926601454743,0.016496418251750224,0.015196418251750225
2008-09,-0.010279954811726152,0.060373229627957874,0.02534530336414134,0.019833334393381002,0.005253894056817217,0.0068852835693346826,-0.09139038412096342,-0.09289038412096343
2008-10,-0.01948253264578631,-0.01564641900754185,0.023722669873461555,0.01807661040014999,-0.025594124513670952,0.07826044538255311,-0.1709907800234784,-0.1717907800234784
2008-11,-0.024809986859908692,-0.05495146402588566,0.04200541807925515,0.027001799255518488,-0.033139625519043946,0.0748968277983929,-0.07727732688111394,-0.07757732688111393
2008-12,0.03371643770921837,-0.0007781360883137023,-0.0029090576468352516,-0.015370601769172081,0.03208675546162049,-0.049849582252515054,0.01768538683275035,0.01768538683275035
2009-01,0.0028907238849859435,-0.11148806887213926,0.00013359990984290748,-0.011650933267085384,-0.01997026733742247,-0.017670677242400762,-0.08109166243276415,-0.08109166243276415
2009-02,0.0020503940694629463,-0.06479921984449619,0.015206946649060138,-0.007009249000032372,-0.010388092019096606,0.0461233661435872,-0.10075550267621561,-0.10085550267621561
2009-03,-0.0041953926599223035,0.02782767443549035,-0.019869504475070604,-0.023827853938471782,0.0021459254604672914,-0.11945588933194873,0.08981497968401803,0.08961497968401802
2009-04,0.04842187314543049,0.04597066139851852,0.011865487217865955,-0.0014459133969258187,0.06377308769657819,-0.34534288070766467,0.10176997126745409,0.10166997126745408
2009-05,-0.024454307462198767,0.004902610690439693,-0.007707475628505336,-0.02070449541229799,-0.02155943748161072,-0.12590403602524655,0.052068137945987726,0.052068137945987726
2009-06,0.026102809923304736,-0.027206146218623162,-0.01389482789097117,-0.0015006151575879395,0.02304314327066302,0.05231161130289337,0.004363309887490523,0.004263309887490523
2009-07,0.017697597551988672,0.04813353633673431,0.0034286240622877773,0.038526413438369156,0.02257488510884073,-0.05649563298705619,0.0773181062529411,0.0772181062529411
2009-08,-0.011513683153384052,0.07430835518182272,-0.023691859417184463,0.03674520954156249,-0.0016379521481894195,-0.08943366572569665,0.033371813038880205,0.0332718130388802
2009-09,0.023575457717537204,0.009485910329734656,0.014114009253321909,0.005636563264970841,0.02605874082779128,-0.04899228883724574,0.04084536970764167,0.040745369707641664
2009-10,-0.04095465394091185,-0.04142455661334189,0.0410978141449834,-0.02037214876356694,-0.04605940142194972,0.027243245859006067,-0.025497317676044996,-0.025497317676044996
2009-11,-0.0269707125872821,-0.0024962746266712285,0.012073802542259045,-0.0002787118059814353,-0.02921859626665659,0.004492523808291592,0.05569648668161952,0.05569648668161952
2009-12,0.05796439398945327,-0.004201123690246417,0.01172546741791649,0.009679696774704344,0.057981919479396925,0.029324946137811614,0.02752224937332518,0.02742224937332518
2010-01,0.004398734466740068,0.0029942601793890924,-0.01071915108401756,0.005118280191116639,0.004171195955080954,-0.05347036429679427,-0.03347933640619782,-0.03347933640619782
2010-02,0.011188867503979183,0.030084622207705095,-0.003791556339101665,0.014609495013536755,0.013725865846744498,0.03686277927966811,0.03391458272620257,0.03391458272620257
2010-03,0.014513386706137776,0.02157755650732804,-0.007123526271849395,0.019847817497469653,0.017448483522902864,0.03658387167699019,0.0631909395956602,0.0630909395956602
2010-04,0.0474283943416335,0.02894212848788839,0.006512427266915588,0.016584617319204867,0.04896100786496047,0.03247869652485603,0.020099120614223653,0.019999120614223653
2010-05,0.001415493123007469,-0.02457635246817251,0.014052877223571056,0.0014184241027960925,0.0003845952001217447,-0.0025010816489890314,-0.07881010012605344,-0.07891010012605344
2010-06,-0.018909022746342048,-0.04711389317022206,-0.0021019581675632976,-0.01732054853040034,-0.024626759440309273,-0.02916367759830092,-0.05543669643723218,-0.055536696437232184
2010-07,0.001320021593569587,-0.0039980063079130546,0.0011786753234957342,0.02148018169370023,0.0006321970603293767,0.017893413562637434,0.06922710096833659,0.06912710096833659
2010-08,-0.027705123078124137,-0.018189809579192945,0.005921670457732786,-0.017363292535718056,-0.028092599232814736,-0.0005811194344591541,-0.04757872687012068,-0.04767872687012068
2010-09,0.03766309411580898,-0.033882120893430706,-0.0027467306017336796,0.0022251862576661285,0.03578794034234409,0.01416414341197443,0.09554939282073395,0.09544939282073395
2010-10,0.011659695776158111,-0.02551994902209346,0.013297069191056374,-0.004882672971935453,0.008447895406173205,0.014766454314458062,0.03881146490539233,0.038711464905392325
2010-11,0.03698512461271867,-0.006861210019102743,-0.0008589196873625068,0.016877657794263094,0.03507240713958756,0.02757378507575603,0.006061731807940961,0.005961731807940961
2010-12,0.005889716851020868,0.037508789593732245,-0.03501452901036178,0.03454906120249632,0.00858580614608514,-0.03041126777212247,0.06827620104830749,0.06817620104830749
2011-01,-0.022529133598811462,0.008996324405061097,-0.008497554324733599,0.010236716913954315,-0.021893383208000338,-0.0029532778428909053,0.019958512376635956,0.019858512376635957
2011-02,0.01638341835775172,0.012144521521432548,-0.019676769365651797,0.008754495547544351,0.017678481038368134,0.019920335986863838,0.034956829347483474,0.03485682934748347
2011-03,0.02373793124816782,-0.018603492032739127,0.014026467110581062,0.000654194223620461,0.024312479041890784,0.03456309591495513,0.0045537119794791725,0.004453711979479172
2011-04,-0.003606797595945243,-0.025316086108665346,0.009276490877128146,-0.008668966690901319,-0.0050475580462451845,0.0005528884030599132,0.029005671468516764,0.029005671468516764
2011-05,-0.008115850944852265,-0.021109959975904924,0.022670666002284755,-0.014430348679047092,-0.007674321735770598,-0.005940063136554485,-0.012671312776632464,-0.012671312776632464
2011-06,-0.001563116155380767,-0.004559033249099263,0.0218876405216854,-0.013643204639483281,0.0007211671950324653,0.018446318690520318,-0.01738112418169322,-0.01738112418169322
2011-07,-0.012166794065003775,-0.011337942569571016,0.028367704670756777,-0.016125040859297123,-0.011772327806596481,0.0020741070707065434,-0.02353484982528258,-0.02353484982528258
2011-08,-0.029436855086037543,-0.022798182169135414,0.03731430446439224,-0.004016332076650642,-0.030023511388098365,-0.0025021086439236673,-0.05971811770959162,-0.059818117709591626
2011-09,-0.029827751933109548,-0.015394860522008419,0.02162905036634634,0.0037878423941206246,-0.03252889880016393,-0.02446577855666239,-0.07569761285655915,-0.07569761285655915
2011-10,0.02887050362997763,-0.00028856639102836645,-0.020332997632192068,-0.009836553606891757,0.031617507925402404,-0.013690201983053568,0.11336242145708345,0.11336242145708345
2011-11,-0.0013527874077707098,-0.003249577065069403,0.0178488515104582,0.014681726129985207,-0.0024392681456167093,0.03909075100727931,-0.0027932075883305733,-0.0027932075883305733
2011-12,-0.003420383877424274,0.01623503126346604,0.009861280744050484,0.029046353445827056,-0.0007915167798932032,0.017967937502709048,0.007403942871885616,0.007403942871885616
2012-01,0.019084454367980487,-0.009662983610747633,-0.020677224165232003,-0.01638333675907485,0.018807678158674627,-0.07960857510573455,0.05053014815726981,0.05053014815726981
2012-02,-0.01906920548997514,0.001512102927729464,-0.0055831197928689555,-0.0012990589397613994,-0.017955062567447003,-0.002721558059064308,0.044203774693439606,0.044203774693439606
2012-03,-0.007505205375162163,0.012922199386713105,-0.008561508236097474,0.007819934575686471,-0.006271366549561006,0.012897040180400342,0.0312161352539749,0.0312161352539749
2012-04,-0.0032387652790366595,-0.009255849816332144,0.012047621013737466,0.006716535709695256,-0.0048162302733661235,0.03884322915456951,-0.008505017815649657,-0.008505017815649657
2012-05,-0.0009982149652563027,-0.007106929306493204,0.022050396257827218,0.022584405726501874,-0.0016382647206323899,0.06438089576996325,-0.06165317079006394,-0.06175317079006394
2012-06,0.008994626849362843,0.007030737858881045,-0.012117794817109936,0.005615895674269657,0.010166546167628215,-0.01157055200062524,0.03894328024519973,0.03894328024519973
2012-07,-0.027739822858943466,-0.0016422218078177234,0.010950141558256528,-0.0011148829089891298,-0.028271526391614454,0.030254257950017294,0.007900149849712828,0.007900149849712828
2012-08,0.0053128118206851906,0.011697403126157586,-0.013812586435254001,-0.0072869217359772115,0.005581485513751402,-0.023708157674403887,0.025538444399819723,0.025438444399819723
2012-09,0.005128486356125825,0.017389155068719558,-0.011942516389979237,0.016839930557422427,0.006637930453487883,-0.01144598946468639,0.027376860179397867,0.027276860179397868
2012-10,-0.009483326777492838,0.03733588043116858,-0.014253873543654694,0.023008261337111896,-0.006366582412707809,0.0011677872499728618,-0.01748525661660999,-0.01758525661660999
2012-11,0.004792371917185627,-0.010244726306388065,0.003862376857646222,0.0076737111462629815,0.002942598441174199,0.004774446976453314,0.007851424068122944,0.007751424068122944
2012-12,0.01508475159168068,0.03479063616430707,-0.017305296789802478,0.006239728976364909,0.019501902317533983,-0.028923979038532877,0.011857207855385975,0.011757207855385976
2013-01,0.0024147967083339855,0.009011963853068905,-0.020230905680636374,0.013834090310762964,0.0038784993159422937,-0.018353772451705122,0.05571118139789674,0.05571118139789674
2013-02,-0.002648364118554951,0.0012485458365693626,-0.004488078750790476,0.004645737854301644,-0.002959927060664147,0.011245587047032844,0.01291198569651009,0.01291198569651009
2013-03,0.007005043827297552,-0.0031675878944134733,0.00803259535264917,0.01245296780147008,0.007937270328009399,0.01839215234803082,0.04038105037394156,0.04038105037394156
2013-04,-0.023638220027276988,0.0037170106301304424,0.0025370917375151514,0.004512462979695698,-0.023140692410225733,0.0022259422062603437,0.015573096433771109,0.015573096433771109
2013-05,0.016454971851523517,0.02751498847597115,-0.022591445449856397,-0.009519675488026333,0.02019882650996242,-0.020359643030731754,0.028044346899622524,0.028044346899622524
2013-06,0.012719095243723938,0.0003967566782645364,-0.005351628536320685,0.004106495836539881,0.014108170053709158,0.0047525476447386455,-0.01190539713738486,-0.01190539713738486
2013-07,0.01840863624030823,0.0060055215139215995,-0.014046744145255669,0.006408390711882234,0.018280692950875147,0.017498915655918913,0.056444238514736664,0.056444238514736664
2013-08,0.0027579485048347847,-0.027842856193469642,0.011270589983022956,-0.020683393634428823,-0.0001431917432854942,0.0002243737348129153,-0.027027375360805038,-0.027027375360805038
2013-09,0.02827526608745922,-0.011939555426509714,-0.0024767008284208164,-0.010498364070942866,0.02648698571706733,0.030596493088061588,0.03767831312852003,0.03767831312852003
2013-10,-0.016185354985589945,0.012996152794396587,0.029129646250396317,0.008749373472683113,-0.015227696080090626,0.0005475481278778803,0.04173435248476821,0.04173435248476821
2013-11,0.013864546437058659,0.0017499968790270978,0.0029755765709412532,-0.00014437857230766016,0.015412553211334399,0.004264777437282784,0.031231373373158122,0.031231373373158122
2013-12,-0.0025649168458489677,-4.127743866589109e-05,-0.0075653175211553465,-0.0023652403243913343,-0.002394636222983778,0.0001791324518662929,0.028067964804026162,0.028067964804026162
2014-01,0.007425962722362664,-0.01896815024503273,-0.03831629366330085,-0.013637866158041852,0.004094496384393719,0.01584880481076525,-0.0331647365556779,-0.0331647365556779
2014-02,0.004484252327786445,-0.0035394723049825966,-0.0029044472003033617,-0.005929925317320929,0.002214066607462884,0.020397742304912564,0.04652867781249588,0.04652867781249588
2014-03,-0.018335753899131023,0.049433090667494795,0.020761311753365055,0.019451606492057353,-0.010552931451880411,-0.03253616918056841,0.004325515651428813,0.004325515651428813
2014-04,-0.040965722261587414,0.012269892797612827,0.03490894073512511,0.006590536421033678,-0.03943942542721763,-0.038144125826808095,-0.0018572864489889702,-0.0018572864489889702
2014-05,-0.01951577210507233,-0.0010362339131666596,0.0009066405648600114,-0.00930043153639699,-0.019462452433985505,0.008668287886058767,0.02056530335607411,0.02056530335607411
2014-06,0.030184034652061854,-0.007645593872852151,-0.016049381860523557,-0.017743082274789095,0.030329450016290258,0.006772891352650544,0.026122955554845437,0.026122955554845437
2014-07,-0.04183619061532523,-0.0008199472926373463,0.011463948124085757,0.004379650845952578,-0.04167863209858375,-0.001769004631073677,-0.02038288879766312,-0.02038288879766312
2014-08,0.0036156704121970973,-0.006234930325951009,-0.006779624265869158,-0.007284580863356559,0.002079048165061439,0.008896476044168947,0.042315618991435294,0.042315618991435294
2014-09,-0.03694264384843143,-0.013681588972283148,0.008988398224500298,-0.006419554880604236,-0.03687262506656908,0.005534917670229712,-0.01965642286234082,-0.01965642286234082
2014-10,0.04150540555295476,-0.015449724433499047,-0.007829448415731154,0.0023819673402006927,0.03863634074511321,-0.0011236084290757592,0.02511430176849811,0.02511430176849811
2014-11,-0.02266816083105367,-0.02812595720286604,0.016865004402546596,0.002043094226970618,-0.024112849660544725,0.00890039513380124,0.025520292739253825,0.025520292739253825
2014-12,0.025733642591107775,0.02270850971161975,-0.015279921939344989,0.009587450030190967,0.027711192543954124,0.009859751790190654,-0.0005747386758259606,-0.0005747386758259606
2015-01,-0.0063698459232407675,-0.03525336376532995,0.013523442825432046,-0.015248575287671241,-0.009485934836341994,0.03765654308605822,-0.03101320992032061,-0.03101320992032061
2015-02,0.004795070203598005,-0.018162988767803992,-0.01240027106963594,-0.01613667825184252,0.002213599623189263,-0.03279025462910157,0.06127933405162913,0.06127933405162913
2015-03,0.029980650476188656,-0.003430849531902271,-0.001458735105319896,-0.0057197254699536,0.030074412641947757,0.02818725851848979,-0.011040607909943918,-0.011040607909943918
2015-04,-0.02944691957270012,0.01751528398286173,0.0006405453268645174,-0.004698020937695411,-0.02956485829996397,-0.07249445593523329,0.005901811948410948,0.005901811948410948
2015-05,0.009624798084200671,-0.011068969866840861,-0.019297571561550937,-0.009082405205147758,0.00797127714123748,0.05740833683426089,0.013626331520287038,0.013626331520287038
2015-06,0.02944474029495451,-0.007972915475407207,0.0005906566554787929,-0.01596382384574887,0.029125546592284418,0.0297061537287235,-0.015251990095789154,-0.015251990095789154
2015-07,-0.04232950950184811,-0.04098204335641614,-0.0020052118007278658,-0.02483981069321943,-0.04703690320580269,0.10078481137944244,0.015525664985763007,0.015525664985763007
2015-08,0.0027347252474523853,0.02772239217907286,0.0062158599362630365,0.011689690491976018,0.0028800436564569965,-0.020979604568625465,-0.06022311097367657,-0.06022311097367657
2015-09,-0.025265474264337555,0.006639803256828544,0.013509367183732655,-0.0052930107211981575,-0.02771802033378842,0.05228500298828985,-0.030604718695642814,-0.030604718695642814
2015-10,-0.018105137729474363,-0.005379100571392126,0.007908400437215697,0.005975560729020807,-0.01905115010952264,-0.03184458242012077,0.07749263922567455,0.07749263922567455
2015-11,0.036522845122340206,-0.0037317237521792765,-0.029142652494640448,-0.011485284469083274,0.034118161894777545,0.022286205199954764,0.005681872726478029,0.005681872726478029
2015-12,-0.027351831436475304,-0.025663564189687734,-0.0008761092722195801,0.0004132114348261162,-0.0295264298810002,0.03379414113317475,-0.02153317014706212,-0.02163317014706212
2016-01,-0.03433997339201406,0.02184253382897422,0.025613475226419158,0.03157770135338439,-0.034862767730260535,0.01563047607819748,-0.05746767977436221,-0.05756767977436221
2016-02,0.008480352943508282,-0.006872631311105963,0.03633899319229329,0.02096481394551109,0.009847309768669616,-0.043771978248787424,-0.0005198926968528692,-0.0007198926968528692
2016-03,0.006718936388685093,0.01205090511128315,0.008248298278492272,-0.0007567979013462511,0.009310481195970758,-0.050844489409778856,0.06970248818669147,0.06950248818669147
2016-04,0.008060682280100716,0.033184882630368354,-0.027942631778611064,0.01687785495676885,0.01302843019009025,-0.05950665510314634,0.009178378370788913,0.009078378370788913
2016-05,-0.0010833375177377175,-0.016014428460315182,-0.013281190548291322,-0.02497726859220254,-0.005395945536567526,0.016743544374641695,0.017839384013914276,0.017739384013914276
2016-06,0.006921143163857798,-0.015258542427420523,0.015821990828506747,0.019169092361856807,0.004880999497428119,0.04241691780982447,-0.0002530646543293855,-0.00045306465432938547
2016-07,0.022358212522091317,-0.01170375191573677,0.008812212429445028,-0.012530598417752871,0.02241027627830715,-0.031312226896935205,0.03972542430791877,0.03952542430791877
2016-08,0.011968108031542161,0.031170618679313204,-0.018462058028260675,-0.0024700771597569553,0.016203505484976816,-0.03510372235288568,0.0050759082495471725,0.004875908249547173
2016-09,0.020319288698861,-0.011928401001124621,-0.020384635805888295,0.00023085410136442115,0.01798140348489512,0.0013878069766659132,0.002813878726828081,0.002613878726828081
2016-10,-0.043960784988426344,0.04104572431909011,0.011056803386321729,0.0029497472048561416,-0.039967871685067234,0.004925300857565013,-0.019987159716768208,-0.020187159716768207
2016-11,0.054191991636845765,0.08138193736104074,-0.003137248502243381,0.03856036438218694,0.06807359612646947,-0.04607522804869904,0.048764912238496216,0.048664912238496214
2016-12,0.0010932190302983848,0.03428175545374085,0.013752621176252422,-0.0022312701692604464,0.0044303555111598406,-0.0031152962161031354,0.01841957311141997,0.018119573111419967
2017-01,-0.011885861933006142,-0.027086358516195272,-0.00471256555302821,-0.010436237462794096,-0.014709766309041366,-0.008958384879041418,0.019703157728640112,0.01930315772864011
2017-02,-0.021897308882233686,-0.015228289100626763,0.0027453211522194716,-0.01888681843750567,-0.023517873970196567,-0.016072533012293312,0.03596280660871713,0.035562806608717135
2017-03,0.011760317742941898,-0.03403805244320214,0.006042414339703316,-0.010165496582567388,0.007129870886491286,-0.009919479019736652,0.0020223237998716953,0.0017223237998716954
2017-04,0.006619265975399365,-0.020238611255159467,0.018795238177950067,-0.017372302168463638,0.004457135163377335,0.004785079849470226,0.011300528053632377,0.010800528053632377
2017-05,-0.02461981001411253,-0.03735395294137881,0.008921600450498118,-0.01768049864454254,-0.029669397251577717,0.014710103917268381,0.011215929057459427,0.010615929057459427
2017-06,0.021889678924976473,0.013573024593562126,-0.021166679935629776,-0.0010724500982454456,0.02519046560933277,-0.0008812913980439756,0.008565728231195441,0.007965728231195441
2017-07,-0.015445568931901112,-0.003544911775708563,-0.009880116632453811,-0.00020423563310022555,-0.017327556538801834,0.016897637327563206,0.019444955978235638,0.01874495597823564
2017-08,-0.015682391192965134,-0.022089330964940188,0.0010942203025294459,-0.021200204694121528,-0.0171588816032654,0.03284365117002505,0.0025922559101124454,0.0016922559101124454
2017-09,0.04483577496493711,0.03153701094536508,-0.014512755316332684,0.013982817554518058,0.04714840648023333,-0.013422797193006715,0.02598791294620102,0.025087912946201017
2017-10,-0.019435288816307295,0.0008104403034006127,0.011443120681890536,-0.030552163925993185,-0.018654463484123886,0.04148751869174025,0.023367661107397904,0.022467661107397903
2017-11,-0.0061731958686698195,-0.0009613361222971066,0.033594278570966765,-0.00020871038446235862,-0.004201627383835452,-0.00834313456035047,0.03206522604526077,0.03126522604526077
2017-12,-0.01338074219339665,0.0012840122766900833,0.00802728412132201,0.018405596910485995,-0.011596402308076246,-0.015075847354816525,0.011453701020677796,0.010553701020677797
2018-01,-0.03253213033462457,-0.01243642543821525,-0.00855815836750072,-0.009403548249788021,-0.03262020595905927,0.040700628553264485,0.0568550936883866,0.0556550936883866
2018-02,0.0009510547778658063,-0.011181082712370255,0.002492595589975742,-0.021243544419192774,0.0017963323779974065,0.03610852337707575,-0.0353645862567209,-0.036464586256720895
2018-03,0.04172581498442747,-0.0011797614647801853,-0.00380463479438659,0.001561252123482973,0.038027008217580927,-0.012142562557604498,-0.022294510185109702,-0.023394510185109702
2018-04,0.010935529238370543,0.004532111354600733,-0.019392896532816183,0.01161995183933042,0.009028484324116204,0.0043688083157116114,0.004225358303819929,0.0028253583038199285
2018-05,0.05328936266756981,-0.030892154499290513,-0.017008421958571315,-0.017476073545820314,0.04829124269335597,0.038700204888555786,0.027933220843738765,0.026533220843738763
2018-06,0.012235126491164502,-0.023354599577371106,0.010171001312316543,0.001950938258171081,0.009041350166215222,-0.022288689646903493,0.006265482657464798,0.004865482657464798
2018-07,-0.023166313996325037,0.0044013825860199675,0.013420591862513667,0.00256482999107837,-0.019782932337687093,-0.01438401580439751,0.033617628355940975,0.03201762835594098
2018-08,0.010566345635026436,-0.036695827091278936,-0.007916543063142954,-0.025888054766018773,0.005372248228597044,0.05318471491343736,0.03603844601892551,0.03443844601892551
2018-09,-0.022184044903812625,-0.015968183044344785,0.006181975148399774,0.01327442785876483,-0.02432380592734674,5.1654239995535534e-05,0.0021422194605571258,0.0006422194605571257
2018-10,-0.047960332181585075,0.03681812628583987,0.009301396988466729,0.03508971264437685,-0.044013749838651944,-0.020062756135923537,-0.07465765849568426,-0.07655765849568426
2018-11,-0.0073196857997037245,0.00035560598225410286,-0.012127068000553127,0.005188019566963034,-0.008217208407046773,-0.014765653002737949,0.01888143169607981,0.01708143169607981
2018-12,-0.024299419938382694,-0.01746967475840072,-0.002813366003258322,0.0021063074281869043,-0.028840963186226965,0.018913881659145745,-0.09349355078834687,-0.09549355078834687
2019-01,0.02794829642320118,-0.00397924926447768,-0.005078899794560415,-0.016806877705546758,0.02938606340006938,-0.08548979818868706,0.08604063370278332,0.08394063370278332
2019-02,0.020323285957358727,-0.026721552816360433,0.002679763930915527,-0.015202197656823402,0.01753882012109174,0.0044033189711705015,0.035700565388827564,0.03390056538882756
2019-03,-0.029399151097869326,-0.040823259398752344,0.010049804677609818,-0.009075282252949297,-0.034056932627248813,0.02206634875968667,0.012918171144571701,0.0110181711445717
2019-04,-0.01798193641869792,0.021757740229652406,0.0127950236269182,-0.022648103893705286,-0.012124855700516322,-0.02915312815291545,0.04172374058554282,0.03962374058554282
2019-05,-0.014456513462942092,-0.020111472683694107,-0.009851122754627947,0.01628962954250926,-0.017330166673659584,0.07447901146620464,-0.06706515916883563,-0.06916515916883563
2019-06,0.0018937899016730209,-0.007951468714183618,0.01032438998632515,-0.004910778605757116,0.0037426452108130226,-0.022479711694445417,0.07104869523881926,0.06924869523881927
2019-07,-0.022165257550920296,0.005729831110558512,-0.0017135799536060958,0.0029590100469403793,-0.020384370784573152,0.026951458007410733,0.014095998262830403,0.012195998262830403
2019-08,-0.024504431173515598,-0.049779387061877206,0.002842234435899371,-0.00909094674968755,-0.03340546152868215,0.07073570764965972,-0.02402164711201047,-0.02562164711201047
2019-09,-0.008726448465377679,0.06786773852084536,0.019889731800861177,0.03512155359373344,0.005007529002036533,-0.06800540091951941,0.0159642801770295,0.0141642801770295
2019-10,0.0013855901072598008,-0.019476199519552897,0.0024129586155928126,-0.009741453544916262,0.0011645431823525156,0.003534754280301502,0.022122687779534037,0.020522687779534036
2019-11,0.008300400049236226,-0.019670491583825264,-0.019205648002505127,-0.009631441761297113,0.0037359400613149233,-0.025173134383764603,0.03984358070964535,0.03864358070964535
2019-12,0.006806567341898516,0.019226307054068213,0.0029177297799255625,0.013022825476902596,0.009449447502728596,-0.02174177218959973,0.02906911086187625,0.027669110861876248
2020-01,-0.03081604660615768,-0.06469764749053612,-0.013616176491422539,-0.020928907421968533,-0.04350563950773983,0.05522330912158073,0.00023537142862533142,-0.0010646285713746685
2020-02,0.007448884611200551,-0.039510109462216905,-0.014586326853328294,-0.023147436858746928,-0.002919866271922658,-0.003772937156931319,-0.08010307681929112,-0.08130307681929112
2020-03,-0.05010012985717596,-0.13798603332998904,-0.018917374302316547,0.011354359922742835,-0.0849452445206837,0.07865416683465776,-0.13243803356689485,-0.13373803356689484
2020-04,0.02599230483767323,-0.01186282342740666,0.02768355125396152,-0.011188268869574913,0.02728330695211,-0.05664782149443168,0.13612718420721812,0.13612718420721812
2020-05,0.025389586103150848,-0.04845681551866518,0.007214519551918319,-0.027701553204870707,0.01973111903171747,0.0028396302039246438,0.05590168315130543,0.055801683151305424
2020-06,0.030128990168568417,-0.016649433884194702,-0.004515881539107737,0.005521329479801149,0.02192458512679896,-0.006719140863049276,0.02468080300609347,0.02458080300609347
2020-07,-0.021162195300164447,-0.01837982373464548,0.0019349786394521479,0.008493819633257793,-0.030115941728907355,0.07628830793006924,0.05778819766803189,0.05768819766803189
2020-08,-0.0025465548580227357,-0.028407494102564622,0.039818903228331724,-0.01651328528745949,-0.010716544305735216,0.004247165538426814,0.07637568127789181,0.0762756812778918
2020-09,-0.0003666066571996057,-0.02410720720220607,-0.018383117715252535,-0.02050010317211795,-0.0009525881161443461,0.033049144353557686,-0.03623788716822368,-0.036337887168223684
2020-10,0.04000857571567935,0.033853042312641246,-0.0023909190272161894,-0.007994548080754768,0.043931153452083795,-0.031720099906304595,-0.020850586845442803,-0.020950586845442803
2020-11,0.0568377830835545,0.025377550077359756,-0.025155976727796375,0.014139179272363911,0.07001536932090967,-0.12204476534025505,0.12471853499430555,0.12461853499430554
2020-12,0.051586263872634354,-0.01750914705865947,-0.0165955359237598,-0.002554004806273033,0.05030552137517583,-0.022913529593198645,0.046282141731577145,0.04618214173157714
2021-01,0.07529835042103658,0.030339358439791495,-0.03844187116886763,0.05457517712415399,0.0725244344016261,0.04270341615405507,-0.000452054608815689,-0.000552054608815689
2021-02,0.020384671692619448,0.0696039759647119,0.012841032174203501,-0.01750571872070554,0.04618579071140989,-0.08188954231218978,0.027961228797402666,0.027961228797402666
2021-03,-0.02512718847618969,0.07359130747772108,0.06410320612072327,0.03756394533478112,-0.008725374497036453,-0.06345611160951416,0.03137644346548204,0.03137644346548204
2021-04,-0.032290345481646894,-0.011126962144541036,0.02649535277971201,-0.02896670898229764,-0.03243989775631819,0.01199484064542235,0.04938123603876789,0.04938123603876789
2021-05,-0.0028870781215927094,0.07145916709222026,0.023516373731580276,0.029350931619385567,0.011885450429110758,0.009072877286853293,0.002901391431211248,0.002901391431211248
2021-06,0.018945556073394522,-0.07709259153899636,-0.021249507485283963,-0.011894531229852026,-0.0018740379647165892,0.020599700586431232,0.02734771279212613,0.02734771279212613
2021-07,-0.04337365274247329,-0.015557973840061261,0.05621679797694541,-0.004542563885409693,-0.04713669163042606,-0.019636753313854782,0.013204996115370857,0.013204996115370857
2021-08,-0.004358234237924901,0.0006759430672304556,-0.003928651539391519,-0.018315350124464135,-0.007226131708132805,0.02740943702171983,0.029439346479441943,0.029439346479441943
2021-09,0.007397447992704989,0.04832050782150815,-0.013230876588144515,0.01951783527238658,0.013020211964319517,0.015511470978055004,-0.043931770501730506,-0.043931770501730506
2021-10,-0.0235444942713339,-0.004307699713265695,0.02226143178694089,-0.015986459671706622,-0.026148595149153613,0.034823932674722516,0.06628415265050555,0.06628415265050555
2021-11,-0.01201068272478718,-0.005002111605819093,0.07369294910088298,0.01592173843994512,-0.015929991490312056,0.01229059863939537,-0.015723652874189344,-0.015723652874189344
2021-12,-0.018989384482648582,0.032412212874550005,0.05238465180753077,0.04196087996945197,-0.007782630729235396,-0.02125077402545316,0.03213434909453555,0.03203434909453555
2022-01,-0.058292695482690046,0.12153664036635244,0.016225209123993736,0.07079751115072822,-0.03690284771823817,-0.022459117365522016,-0.06178314524119063,-0.06178314524119063
2022-02,0.02269241784902861,0.02981234520251014,-0.018698920395036817,0.029174449927425204,0.030823776894018023,0.01651019726894394,-0.022814179821367467,-0.022814179821367467
2022-03,-0.013715502626548899,-0.022553616104142492,-0.014544888988184769,0.029716447514443908,-0.019401104650826898,0.03093498335852165,0.03078881632328347,0.03068881632328347
2022-04,-0.012089970074069992,0.05697947948653405,0.03944806936813883,0.05479861888341041,-0.0017231059023770784,0.05204851979507907,-0.09406747096839398,-0.09416747096839398
2022-05,-0.017633264039033186,0.08185880900388447,0.02554100888305858,0.0345277141195459,0.002344902745818223,0.029008599924084392,-0.0031870682205188787,-0.0034870682205188786
2022-06,0.020179187559927314,-0.06026049038659907,0.016046537259692475,-0.0457689103730371,0.012244948142423004,0.013063774674239192,-0.08342584906868546,-0.08402584906868546
2022-07,0.030093571132893668,-0.04359355033221633,0.008604685800705253,-0.06801825123205431,0.019601736274239914,-0.04339472191949126,0.0964772739923069,0.09567727399230691
2022-08,0.014507384555435885,-2.6861085922362526e-05,-0.04329637405222847,0.013152152189168771,0.015246912236262298,0.02008509670677242,-0.03576274617556874,-0.03766274617556874
2022-09,-0.008201255152413933,0.0014838741984840725,-0.013955602363374536,-0.005951916435884302,-0.009901098287688445,0.03627144442222566,-0.09145821855699818,-0.09335821855699818
2022-10,0.002403201788750975,0.0746984049731678,0.029505153209541696,0.06474004530849438,0.019669587857164075,0.038046996142246714,0.08091873079915297,0.07861873079915298
2022-11,-0.03961557692605205,0.016264553117237786,0.05938405553904522,0.03199980383882711,-0.029756165672007884,-0.016465256344320514,0.049424859329816155,0.046524859329816155
2022-12,-0.005863857600271083,0.01158715626392607,0.005054161828524112,0.04304501390546378,-0.0005527352128057486,0.04943975304542396,-0.060443831597800035,-0.06374383159780003
2023-01,0.05140654554558365,-0.03729753484348684,-0.032366951513378955,-0.04750851356102487,0.04357441351407674,-0.16258469667475153,0.06959023037139665,0.06609023037139665
2023-02,0.009826262722198574,-0.006545239551421524,0.006267193560277336,-0.014916014780241741,0.004745780795743453,0.0050611361209553715,-0.022257573579125552,-0.025657573579125553
2023-03,-0.05226978868358412,-0.09070678718561107,0.02292669104308484,-0.021342990735939357,-0.06768029161632162,-0.023293926578713146,0.028275386103508333,0.024675386103508334
2023-04,-0.031079445274847975,-0.005090757318181085,0.02422910354175876,0.028552154562718104,-0.02436153014503679,0.01906259992530366,0.009650357051527812,0.006150357051527812
2023-05,0.014397037696035335,-0.07265775438415407,-0.02159925171076242,-0.06858424787725828,-0.0058287838296043,-0.007916728337003215,0.00698700139642418,0.0033870013964241797
2023-06,0.014625534051730588,-0.0009568601973897195,0.021899612266680475,-0.01763288078714631,0.012809104300153256,-0.02751257976274199,0.06859625746342678,0.06459625746342677
2023-07,0.020453585594980006,0.040029022016460115,-0.005029948673114154,0.007179851971447389,0.028611106241978674,-0.03994064691429256,0.036533977388765286,0.03203397738876529
2023-08,-0.02894748657349376,-0.012703861981394012,0.038750294329026574,-0.022685227792386478,-0.03416937076736049,0.03749095571139202,-0.0190684637962955,-0.0235684637962955
2023-09,-0.02388830230776974,0.015001419583059304,0.015039502550483363,-0.005764196466081381,-0.017056209309985085,0.002652169957279779,-0.04806492545296014,-0.05236492545296014
2023-10,-0.039386949811844686,0.002839519103760617,0.0295569347650037,-0.008091292155080122,-0.040547154063776424,0.017185322849076402,-0.026822770413191067,-0.03152277041319107
2023-11,-0.0024505758701330455,0.017402616807311602,-0.03827583946397235,-0.014837151544219024,-0.0035483273253104353,0.024625021244461615,0.09313548361908525,0.08873548361908525
2023-12,0.0630748494228463,0.047700689060318616,-0.027838429971746126,0.012422714097135079,0.07330314878418001,-0.05574802907860396,0.052872666984047655,0.048572666984047656
2024-01,-0.0494915413238945,-0.02405121264930459,0.010758001424332366,-0.010096241344890218,-0.05601513077948192,0.05256250560160032,0.011987018927723487,0.007287018927723488
2024-02,-0.002120135685892331,-0.035327488548687044,-0.018781464883078858,-0.022450290508758505,-0.007841913300216483,0.04954001732142997,0.05489429792889062,0.050694297928890616
2024-03,-0.023420638313034738,0.04286715879523237,0.01728974094351306,0.01177511171046211,-0.010742510664511262,-0.0021882403066398257,0.03267497610394641,0.02837497610394641
2024-04,-0.02319844074433159,-0.005618047039248383,0.010225822019989964,-0.002086919811292276,-0.025505652540753137,-0.004028118092057893,-0.04188942507947305,-0.04658942507947304
2024-05,0.00795918518177667,-0.013905738801171616,0.03384088705227342,-0.03254936325089518,0.00761980603016215,0.01566791077286618,0.0477365045990677,0.043336504599067696
2024-06,-0.0311207190364343,-0.0349585584580681,0.007238012912130281,-0.019891956232055377,-0.044450884512495424,0.009059167254847319,0.03193081508572236,0.02783081508572236
2024-07,0.0674966424101007,0.0569402786109719,0.004204217911875259,0.004787017700028068,0.08342501192412229,-0.024824247063646568,0.01677465738077276,0.012274657380772758
2024-08,-0.035857169052799925,-0.011201910290696485,0.007611362477466695,0.008504699678022384,-0.036725192362806545,0.048939620811766775,0.02098425430856946,0.01618425430856946
2024-09,-0.002048767447471747,-0.02667495445368619,0.0031651097769770306,-0.0017921425189569191,-0.009882771551200062,-0.006273214142801371,0.02145327308192511,0.01745327308192511
2024-10,-0.009848174593879454,0.008944426618856438,-0.012325357274698266,0.00957000663028467,-0.009179212979137184,0.02799550735463159,-0.005835438777402158,-0.009735438777402159
2024-11,0.04445648139300719,0.0009271390732004531,-0.02049201473249526,-0.023042979901917254,0.04629519747598083,0.00524103465716777,0.06874662721506587,0.06474662721506587
2024-12,-0.027849784517263117,-0.0291126311102907,0.019205954591249443,-0.010762341423789595,-0.038872487690766226,-0.0038668628773488867,-0.028083887665778493,-0.03178388766577849
